country,id,year,hiv_rate,hiv_aid,electricity,fertility,fdi,gdp_growth,gdp_per_cap_PPP,tuberculosis,inflation,life_exp,maternal_mort,infant_mort,population,undernourishment,school_enr,unemployment,hiv_rate_lag,hiv_reduction
Afghanistan,AFG,2015,0.03,3.802925,71.5,4.976,169.14660800000001,1.4513146600975502,2.08730532306683,189.0,-0.661709164713696,63.376999999999995,701.0,53.2,34.413603,21.5,1.03534523010254,11.126999855041499,0.03,0.0
Afghanistan,AFG,2016,0.04,3.658007,97.6999969482422,4.8,93.59131529999999,2.26031420130452,1.98111806850696,189.0,4.3838919551391395,63.763000000000005,673.0,51.3,35.383028,22.2,1.0248647308349599,11.1579999923706,0.03,-0.3333333333333334
Afghanistan,AFG,2017,0.04,5.8165629999999995,97.6999969482422,4.633,51.533896765,2.64700320195786,2.0584002210698,189.0,4.9759515055382995,64.13,638.0,49.5,36.296110999999996,23.0,1.02175788879395,11.1800003051758,0.04,0.0
Albania,ALB,2015,0.04,0.043836,99.9800033569336,1.6769999999999998,989.5783348286091,2.2187263716532795,11.658905517111199,17.0,3.50120835492656,78.025,15.0,8.5,2.880703,4.7,1.05542976379395,17.1900005340576,0.04,0.0
Albania,ALB,2016,0.04,0.014369,99.8899993896484,1.659,1044.38955485795,3.31498068405152,12.078843136184302,17.0,-0.367317209784628,78.194,16.0,8.4,2.876101,4.3,1.05553863525391,15.4200000762939,0.04,0.0
Albania,ALB,2017,0.04,0.018378,99.8899993896484,1.6380000000000001,1022.75785707377,3.80222740018748,12.770964291005301,20.0,2.0605984592022,78.333,15.0,8.4,2.873457,4.1,1.07046600341797,13.619999885559098,0.04,0.0
Algeria,DZA,2015,0.04,0.277563,99.1866607666016,3.043,-537.792920921856,3.70000000000022,12.0156405282427,75.0,4.78444700693894,76.09,114.0,21.6,39.72802,2.8,1.15877838134766,11.210000038147,0.04,0.0
Algeria,DZA,2016,0.04,0.240441,99.35025024414058,3.052,1638.26395377737,3.19999999999973,11.6243407751545,70.0,6.39769480268749,76.298,113.0,21.3,40.551398,2.8,1.13830200195313,10.1999998092651,0.04,0.0
Algeria,DZA,2017,0.04,1.231559,99.63549041748051,3.045,1230.2434508788901,1.2999999999999399,11.7374012353821,70.0,5.59111590961673,76.499,112.0,20.9,41.389174,2.7,1.1176448059082,10.333000183105499,0.04,0.0
Angola,AGO,2015,0.99,15.820791,42.0,5.774,10028.215162639399,0.943571561325001,7.337569822049379,366.0,9.150372075172019,59.398,251.0,57.7,27.88438,14.5,1.1347795867919899,7.3920001983642605,1.05,0.05714285714285719
Angola,AGO,2016,0.94,29.717434,41.81312942504879,5.686,-179.51761892,-2.58004964404932,7.103226430610911,362.0,30.6953129934938,59.925,246.0,55.5,28.842482,15.4,1.1964233093261698,7.412000179290769,0.99,0.05050505050505055
Angola,AGO,2017,0.91,23.26746,43.01325988769529,5.6,-7397.29540918991,-0.147212941085755,7.31089658895511,359.0,29.843586691879697,60.379,241.0,53.5,29.816769,15.4,1.0721619567871072,7.40799999237061,0.94,0.03191489361702119
Argentina,ARG,2015,0.14,0.8791770000000001,99.6253890991211,2.301,11758.994011286,2.7311598282894396,20.1051989918165,26.0,3.195154418915485,76.068,41.0,10.2,43.131966,2.5,1.1130341339111298,7.520999908447269,0.14,0.0
Argentina,ARG,2016,0.14,0.760977,99.84957885742192,2.2880000000000003,3260.16434177393,-2.08032784377811,20.307870052142,27.0,8.457754574046739,76.221,40.0,9.7,43.590368,2.6,1.10739181518555,8.11100006103516,0.14,0.0
Argentina,ARG,2017,0.14,0.647892,100.0,2.275,11516.8614622845,2.81850297775918,23.597117752838997,27.0,3.0444837394560755,76.372,39.0,9.2,44.044810999999996,3.1,1.0974146270751999,8.35000038146973,0.14,0.0
Armenia,ARM,2015,0.09,1.044794,100.0,1.7380000000000002,184.12798631489497,3.1999999989662498,9.96966485397823,50.0,3.7316911926169505,74.467,28.0,12.6,2.925559,2.8,0.9500364685058591,18.2600002288818,0.08,-0.12499999999999993
Armenia,ARM,2016,0.09,1.98622,99.8000030517578,1.744,333.733314104601,0.199999999825991,10.7042297624759,44.0,-1.40360755900906,74.64,26.0,12.0,2.936147,2.8,0.945178985595703,17.6200008392334,0.09,0.0
Armenia,ARM,2017,0.09,1.390773,99.6999969482422,1.75,250.935110239139,7.500000001641441,12.115139290263699,36.0,0.9695532688162309,74.797,26.0,11.3,2.944789,3.1,0.9408351898193359,17.7000007629395,0.09,0.0
Azerbaijan,AZE,2015,0.06,2.407412,100.0,1.94,4047.63,1.09397584645028,14.938401127671499,71.0,4.02768573742728,72.266,27.0,23.3,9.649341,2.5,1.06601486206055,4.96000003814697,0.06,0.0
Azerbaijan,AZE,2016,0.05,3.1099580000000002,100.0,1.9,4499.666,-3.09999999999992,14.371022741009199,66.0,12.443374858437199,72.493,26.0,21.8,9.757812,2.5,1.06431739807129,5.0,0.06,0.1666666666666666
Azerbaijan,AZE,2017,0.05,2.568804,100.0,1.75,2867.487,0.19999999999980397,14.121406935559099,66.0,12.9359184187334,72.693,26.0,20.3,9.854033,2.5,1.03294097900391,5.0,0.05,0.0
Belarus,BLR,2015,0.23,4.998606,100.0,1.724,1652.3,-3.82957055828379,18.0956651782737,50.0,13.534489764973399,73.6243902439025,3.0,3.1,9.461076,2.5,0.991497802734375,5.84000015258789,0.23,0.0
Belarus,BLR,2016,0.21,3.061737,100.0,1.733,1246.9,-2.5264464355236402,17.7859431970966,42.0,11.836580765349698,73.8268292682927,3.0,2.9,9.469379,2.5,1.01077041625977,5.84000015258789,0.23,0.0869565217391305
Belarus,BLR,2017,0.2,4.45134,100.0,1.541,1276.3,2.5321835002303503,18.356100774172198,37.0,6.0318372517779,74.12926829268291,2.0,2.7,9.458989,2.5,1.01965789794922,5.650000095367429,0.21,0.04761904761904753
Belize,BLZ,2015,0.59,0.959383,91.8000030517578,2.439,59.119223898148796,2.6378624218305897,7.235710177658401,25.0,2.4570591180704797,74.03399999999999,43.0,13.2,0.360926,7.7,1.12888328552246,7.57999992370605,0.61,0.03278688524590167
Belize,BLZ,2016,0.58,0.056491,93.2223129272461,2.391,32.7334109928006,-0.0332336324360227,7.23693095940656,37.0,14.366434547076755,74.219,39.0,12.5,0.368399,7.2,1.14484161376953,7.0,0.59,0.0169491525423729
Belize,BLZ,2017,0.56,0.054706,94.1890106201172,2.346,31.8316155013862,1.8136820330969199,7.19363430990345,36.0,7.533423958870671,74.365,36.0,11.8,0.375775,6.7,1.1323061370849599,6.599999904632571,0.58,0.034482758620689495
Benin,BEN,2015,0.39,12.207355,29.6200008392334,5.047,149.755663330268,1.77815106030278,2.88682913718973,60.0,0.218785923536177,60.608000000000004,421.0,63.2,10.575961999999999,7.3,1.32466842651367,2.0069999694824197,0.43,0.09302325581395345
Benin,BEN,2016,0.34,15.175651,37.095245361328104,4.977,131.790853840786,3.33967342629693,3.0048078049908598,59.0,-0.794050173906725,60.885,408.0,61.9,10.872072,7.3,1.3090228271484399,1.8279999494552601,0.39,0.12820512820512817
Benin,BEN,2017,0.31,16.099027,34.5,4.906000000000001,200.902719348049,5.67155546944753,3.0445171562031903,58.0,1.7694124739197499,61.174,397.0,60.6,11.175192,7.2,1.2664611053466799,1.64400005340576,0.34,0.08823529411764713
Bhutan,BTN,2015,0.12,1.076583,95.5307159423828,2.037,6.4509538497443,6.64223210535566,9.50065071564979,165.0,4.54814395082202,70.419,203.0,27.4,0.727885,14.16,1.04233772277832,2.4500000476837203,0.13,0.07692307692307698
Bhutan,BTN,2016,0.12,0.345929,99.5897903442383,2.0140000000000002,11.8841623485119,8.1270335383894,10.457244384537999,193.0,3.2198868939571805,70.781,193.0,26.5,0.7367060000000001,12.48,1.02660682678223,2.4930000305175803,0.12,0.0
Bhutan,BTN,2017,0.11,0.392942,97.6999969482422,1.994,-16.5537599525493,4.65183467529606,11.1424746724654,145.0,4.9550836698513,71.12899999999999,183.0,25.6,0.745563,11.48,1.01334136962891,2.45300006866455,0.12,0.0833333333333333
Bolivia,BOL,2015,0.1,5.440735,91.52281951904301,2.886,554.643532297183,4.85718723248496,7.133873144962259,117.0,4.05961041135646,70.277,168.0,25.4,10.869732,14.3,0.959084396362305,3.10999989509583,0.11,0.09090909090909087
Bolivia,BOL,2016,0.1,4.202031,91.8000030517578,2.8289999999999997,335.365530426077,4.26392083751466,7.49977274089787,114.0,3.62321431764138,70.626,161.0,24.3,11.031822,13.1,0.9655513000488279,3.5,0.1,0.0
Bolivia,BOL,2017,0.1,2.031201,91.8000030517578,2.7769999999999997,712.474137775022,4.1952063010676,8.42369755843668,111.0,2.8227580554717004,70.945,155.0,23.2,11.192853,12.5,0.9752735900878909,3.6500000953674303,0.1,0.0
Botswana,BWA,2015,6.3,47.397791,62.130001068115206,2.968,378.55418153007895,-5.717682557063269,14.6395584289553,356.0,3.0620316958055898,67.33800000000001,156.0,39.6,2.120716,26.4,1.0323838806152301,20.570999145507802,6.45,0.023255813953488427
Botswana,BWA,2016,5.89,60.494399,64.1750564575195,2.9419999999999997,142.522598297582,7.03689695063241,16.6385204979364,326.0,2.8149579136194403,68.178,151.0,39.3,2.159925,27.7,1.101599197387694,21.0289993286133,6.3,0.0650793650793651
Botswana,BWA,2017,5.31,50.709837,67.40000152587889,2.91,260.57512935144797,4.003449739749,15.948032023362401,300.0,3.30828076768219,68.812,144.0,38.2,2.205076,28.9,1.1578384094238285,21.5659999847412,5.89,0.09847198641765706
Brazil,BRA,2015,0.23,2.186886,99.7108993530273,1.7530000000000001,64738.15349444,-3.54576339347278,14.7441136344695,43.0,9.029901024161289,74.994,63.0,14.2,204.47175900000002,2.5,1.13369972229004,8.43000030517578,0.24,0.04166666666666659
Brazil,BRA,2016,0.23,3.4067769999999995,99.6999969482422,1.7469999999999999,74294.62780119,-3.2759169063211,14.256163385420999,43.0,8.73914352329393,75.23,62.0,15.0,206.163056,2.5,1.1452027893066399,11.6000003814697,0.23,0.0
Brazil,BRA,2017,0.23,4.793966999999999,99.8000030517578,1.739,68885.49131523,1.3228690539081498,14.524613540817402,44.0,3.4463733503267204,75.456,60.0,13.8,207.833825,2.5,1.1597177886962902,12.8199996948242,0.23,0.0
Burkina Faso,BFA,2015,0.15,15.087924,16.0769748687744,5.436,231.90170368386902,3.9212287937935,1.7135201359122398,52.0,0.7248389810705991,59.919,343.0,59.6,18.110616,12.0,0.883661575317383,4.32100009918213,0.29,0.48275862068965514
Burkina Faso,BFA,2016,0.13,12.660948,16.641056060790998,5.353,390.62235341017197,5.95797670754024,1.8952950660336598,51.0,0.441041448058759,60.354,331.0,58.2,18.64635,12.3,0.9111083984375,4.43400001525879,0.15,0.13333333333333328
Burkina Faso,BFA,2017,0.12,15.639754,17.2140426635742,5.271,2.57269032188177,6.20348941121868,2.0443869867675803,49.0,1.48299897161327,60.768,320.0,56.7,19.193236,12.4,0.9365312957763671,4.5630002021789595,0.13,0.07692307692307698
Burundi,BDI,2015,0.29,20.467077,8.42765235900879,5.697,49.6228657705811,-3.9000030859375,0.8416460258600029,122.0,5.54468891259786,60.123000000000005,568.0,46.2,10.160034,18.240000000000002,1.30903427124023,1.60000002384186,0.33,0.12121212121212131
Burundi,BDI,2016,0.24,19.555495,9.348409652709961,5.599,0.0554203566564864,-0.600020000546493,0.796944083373075,118.0,5.557689614009651,60.528,558.0,44.4,10.488002,21.9,1.28042053222656,1.5900000333786002,0.29,0.17241379310344826
Burundi,BDI,2017,0.21,36.073316999999996,9.30000019073486,5.502000000000001,0.31647344936974203,0.5000099987794611,0.773572858670972,114.0,16.0525353030392,60.898,548.0,42.7,10.827010000000001,17.0,1.23859619140625,1.5889999866485602,0.24,0.125
Cambodia,KHM,2015,0.09,30.035926,64.91042327880861,2.593,1822.80415125712,6.965797814543119,3.3887376383037995,366.0,1.22393195511127,68.637,178.0,27.3,15.521435,8.9,1.17078483581543,0.38999998569488503,0.09,0.0
Cambodia,KHM,2016,0.08,23.95524,69.5443115234375,2.559,2475.91585365763,6.933313972949719,3.6750386198099907,348.0,3.0191397513912896,68.977,168.0,26.0,15.76629,8.5,1.10187652587891,0.720000028610229,0.09,0.11111111111111106
Cambodia,KHM,2017,0.08,26.91518,89.0699996948242,2.53,2788.08432165816,6.99690369938479,3.9283739336306898,329.0,2.9126355737148,69.289,160.0,24.9,16.009413000000002,7.7,1.0781305694580101,0.14000000059604598,0.08,0.0
Cameroon,CMR,2015,1.07,38.883532,58.5955924987793,4.777,694.3367348798199,5.666952991054161,3.3956289607087404,212.0,2.68598277212217,57.583,554.0,57.0,23.298376,5.4,1.16210441589355,3.55100011825562,1.21,0.1157024793388429
Cameroon,CMR,2016,1.0,53.339399,59.8087768554688,4.708,663.8935951654651,4.53579423569734,3.52716537164694,203.0,0.861740257759474,58.063,538.0,55.2,23.926548999999998,5.5,1.16117301940918,3.57500004768372,1.07,0.0654205607476636
Cameroon,CMR,2017,0.86,91.733124,61.0308647155762,4.638999999999999,814.458940927625,3.5411765492600695,3.6651178508487896,194.0,0.64267352185089,58.511,529.0,53.2,24.56607,5.6,1.10320678710938,3.5999999046325697,1.0,0.14
Chad,TCD,2015,0.39,7.613221,7.699999809265139,6.0489999999999995,559.6420224999999,2.76767568484473,1.8200599087617,144.0,4.3771266506566,53.137,1160.0,75.7,14.110971,28.0,0.915831298828125,1.07099997997284,0.4,0.025000000000000022
Chad,TCD,2016,0.35,10.161072,9.26384735107422,5.947,244.682121,-6.255527085452809,1.6645125859939098,144.0,-0.792440525236028,53.438,1140.0,74.1,14.561658,28.5,0.868468704223633,1.10399997234344,0.39,0.10256410256410266
Chad,TCD,2017,0.33,11.158988,10.8999996185303,5.846,363.38163639999993,-2.98869598553931,1.58703232784726,143.0,-1.53709962980847,53.711999999999996,1140.0,72.4,15.016760999999999,29.1,0.785740432739258,1.11899995803833,0.35,0.05714285714285704
Chile,CHL,2015,0.26,0.010467,99.71484375,1.75,20879.139388896398,2.3037670361237903,22.698545655544702,16.0,4.3487735321705,79.646,14.0,6.7,17.969356,3.0,1.00684837341309,6.5100002288818395,0.25,-0.040000000000000036
Chile,CHL,2016,0.26,0.0007650000000000001,100.0,1.713,12328.624278076,1.7110892886704099,23.437592526030503,16.0,3.7861935589311497,79.779,13.0,6.5,18.209072,3.1,1.00978256225586,6.7399997711181605,0.26,0.0
Chile,CHL,2017,0.27,0.03665,99.6999969482422,1.6780000000000002,6127.82099323861,1.18454470657974,24.4707036237008,17.0,2.18271846868523,79.90899999999999,13.0,6.4,18.470435000000002,3.0,1.0143016052246099,6.96000003814697,0.26,-0.03846153846153849
Colombia,COL,2015,0.2,6.326994,98.18689727783199,1.8630000000000002,11620.5326457092,2.95590137527523,13.2657972569151,31.0,4.99023427513779,76.531,85.0,13.4,47.520666999999996,6.5,1.15231887817383,8.300000190734862,0.21,0.04761904761904753
Colombia,COL,2016,0.2,3.378535,98.4000015258789,1.8430000000000002,13857.9377208026,2.08738250162794,13.8120960563446,33.0,7.514293227883231,76.732,84.0,12.9,48.175048,6.8,1.16233703613281,8.689999580383299,0.2,0.0
Colombia,COL,2017,0.19,1.73817,98.5,1.825,13700.8804451998,1.35936086788746,14.171320500564802,33.0,4.3121410323772995,76.925,83.0,12.5,48.909844,7.1,1.14983268737793,8.86999988555908,0.2,0.050000000000000044
Comoros,COM,2015,0.01,0.478091,74.5719833374023,4.419,4.936699510444821,1.11614058271805,2.70956253991486,35.0,1.4037074739178452,63.471000000000004,285.0,54.4,0.777435,20.939999999999998,1.1609895172119127,8.13599967956543,0.01,0.0
Comoros,COM,2016,0.01,1.366358,76.9930419921875,4.3469999999999995,3.56982372997207,3.3206800249451,2.86385204380798,35.0,5.251640920690354,63.7,279.0,53.0,0.795597,11.700000000000001,1.235374435424806,8.10200023651123,0.01,0.0
Comoros,COM,2017,0.01,0.8338059999999999,79.4230041503906,4.275,3.91947302500831,3.8157021128072595,3.03226213308112,35.0,7.7996260164309135,63.912,273.0,51.5,0.81389,16.14,0.994475936889648,8.086000442504881,0.01,0.0
"Congo, Dem. Rep.",COD,2015,0.33,76.733354,16.1482429504395,6.202999999999999,1165.72001030767,6.9161671203534505,0.90545059935323,324.0,0.7441989947814991,59.254,490.0,73.0,76.24453199999999,40.1,1.0797708129882801,4.46600008010864,0.35,0.05714285714285704
"Congo, Dem. Rep.",COD,2016,0.3,114.437753,17.0418376922607,6.112,932.374669380907,2.3993989141368703,0.96366927221216,323.0,2.8858510729000897,59.655,481.0,71.1,78.78913,39.9,0.9711625366210935,4.4770002365112305,0.33,0.09090909090909098
"Congo, Dem. Rep.",COD,2017,0.28,144.979434,17.9165096282959,6.017,1047.9794825552601,3.7269476533326698,1.05981076228861,322.0,9.115241655669,60.026,473.0,69.1,81.398765,40.2,0.9468759307861336,4.46500015258789,0.3,0.06666666666666654
"Congo, Rep.",COG,2015,1.87,4.497063,44.401649475097706,4.587,4278.11836498033,-3.55058176538323,4.63974451767185,379.0,3.1690979675082405,63.097,416.0,37.6,4.856093,34.1,1.038266464233398,20.44700050354,1.83,-0.021857923497267777
"Congo, Rep.",COG,2016,1.85,5.503929,45.508327484130895,4.5360000000000005,50.57434533913629,-10.7832382686521,3.8399616000002403,378.0,3.1905617972377502,63.556000000000004,397.0,36.6,4.980996,34.6,1.167491241455076,20.5590000152588,1.87,0.010695187165775409
"Congo, Rep.",COG,2017,1.86,8.734732000000001,46.573947906494105,4.482,4416.953734000001,-4.38253094681009,4.23465988322969,376.0,0.450063823285575,63.95399999999999,378.0,35.6,5.110701000000001,36.0,1.04420249938965,20.5590000152588,1.85,-0.00540540540540541
Costa Rica,CRI,2015,0.2,0.9437709999999999,99.4098052978516,1.806,2955.52168083967,3.65208096794373,17.090796576083,11.0,0.801982005099592,79.565,28.0,7.7,4.847805,4.1,1.11297950744629,9.0,0.18,-0.11111111111111122
Costa Rica,CRI,2016,0.22,1.7436220000000002,99.5,1.7890000000000001,2620.43549061534,4.20432325178332,19.075004467001897,9.4,-0.0174788505908107,79.738,28.0,7.6,4.899336,3.6,1.11761138916016,8.60000038146973,0.2,-0.09999999999999995
Costa Rica,CRI,2017,0.25,1.179983,99.5999984741211,1.7719999999999998,2924.9069909824498,4.15769896287743,20.3470347715873,9.6,1.62590692991729,79.914,27.0,7.5,4.949955,3.1,1.1083347320556598,8.14000034332275,0.22,-0.13636363636363635
Cote d'Ivoire,CIV,2015,0.55,66.245874,62.5999984741211,4.813,494.408755776341,7.194090645261201,4.65288961920098,159.0,1.25149954781474,56.065,658.0,65.7,23.226148000000002,16.5,0.9065904235839841,3.1489999294281,0.63,0.12698412698412692
Cote d'Ivoire,CIV,2016,0.52,116.050599,64.3000030517578,4.7589999999999995,577.871524156215,7.17920782392478,4.72698073995015,153.0,0.723178457513252,56.567,636.0,64.4,23.822726,15.5,0.958866882324219,2.5999999046325697,0.55,0.05454545454545459
Cote d'Ivoire,CIV,2017,0.43,148.164176,65.59999847412111,4.704,975.014998795493,7.35963808821695,4.8307505152267805,148.0,0.6858810653046441,57.016999999999996,617.0,62.9,24.437475,15.0,0.983680191040039,3.2699999809265097,0.52,0.17307692307692313
Cuba,CUB,2015,0.19,7.135789,98.6834564208984,1.6740000000000002,5530.670387095013,4.43814195922121,14.319138312617508,7.1,0.805193456899256,78.561,38.0,4.5,11.324777000000001,2.5,0.9948757934570309,2.4000000953674303,0.19,0.0
Cuba,CUB,2016,0.18,6.400825,98.9547882080078,1.656,4022.978428225632,0.5137614678899071,15.914572328076943,6.9,0.36792148222801013,78.607,37.0,4.4,11.335108,2.5,0.995620269775391,2.0,0.19,0.05263157894736847
Cuba,CUB,2017,0.18,5.057142,99.2350311279297,1.6369999999999998,2925.522760910796,1.80905439941586,16.72706767316388,7.2,2.702894103319532,78.66199999999999,36.0,4.3,11.339255,2.5,1.00460151672363,1.70000004768372,0.18,0.0
Djibouti,DJI,2015,0.22,2.746714,57.5785636901855,2.912,143.83218640453302,7.69608557567065,4.57444985165724,367.0,-0.847389733971994,64.13600000000001,247.0,54.6,0.913998,17.5,0.701320419311523,26.3250007629395,0.26,0.15384615384615388
Djibouti,DJI,2016,0.19,1.600309,58.675445556640604,2.846,159.997974353059,6.65265037178067,4.692550689100259,339.0,2.73841208738761,65.064,246.0,53.1,0.929117,16.7,0.6938295745849611,26.193000793457,0.22,0.13636363636363635
Djibouti,DJI,2017,0.17,2.137876,60.2000007629395,2.785,164.929861974668,5.403099843078341,4.88520503911992,272.0,0.5681121170846789,65.893,248.0,51.6,0.9441,16.4,0.695962371826172,26.059999465942397,0.19,0.1052631578947368
Dominican Republic,DOM,2015,0.34,14.345626999999999,98.56036376953129,2.405,2227.3,6.9270187716221,14.740826867423301,55.0,0.836746346724583,73.241,94.0,28.8,10.281675,7.4,1.1140535736083998,7.610000133514401,0.34,0.0
Dominican Republic,DOM,2016,0.34,16.301726000000002,98.9000015258789,2.387,2516.1,6.65920026269582,16.1098636711409,51.0,1.61416607245221,73.471,94.0,28.8,10.397738,6.8,1.10298751831055,7.28000020980835,0.34,0.0
Dominican Republic,DOM,2017,0.33,25.465566,100.0,2.367,3597.9,4.6667046773236605,16.735364422829402,46.0,3.27955694678546,73.689,95.0,28.7,10.513111,6.4,1.07799812316895,5.82999992370605,0.34,0.029411764705882377
Ecuador,ECU,2015,0.15,4.784781,98.8258819580078,2.499,1322.7013373074801,0.0988726083462694,11.0602862685275,39.0,3.96664623255354,76.143,63.0,13.2,16.212022,9.0,1.07683837890625,3.6199998855590803,0.16,0.06250000000000006
Ecuador,ECU,2016,0.15,2.054944,98.6999969482422,2.475,764.0488681222391,-1.22638398463879,11.03426917908,40.0,1.7282646332453502,76.365,61.0,12.8,16.491116,9.7,1.0493495941162099,4.59999990463257,0.15,0.0
Ecuador,ECU,2017,0.14,1.340758,99.1999969482422,2.451,629.512412259199,2.36838652633651,11.6179122190573,43.0,0.4173355886668029,76.584,59.0,12.4,16.785356,10.7,1.03534942626953,3.83999991416931,0.15,0.06666666666666654
"Egypt, Arab Rep.",EGY,2015,0.02,0.734937,99.3000030517578,3.4360000000000004,6925.2,4.37201907940117,11.5124021442637,15.0,10.370490343517,71.30199999999999,39.0,19.8,92.442549,4.4,1.039385147094726,13.0500001907349,0.02,0.0
"Egypt, Arab Rep.",EGY,2016,0.02,0.38760300000000003,100.0,3.41,8106.8,4.34664345337812,11.192373010132101,14.0,13.813606214828901,71.482,38.0,19.1,94.447071,4.6,1.05393577575684,12.4099998474121,0.02,0.0
"Egypt, Arab Rep.",EGY,2017,0.03,0.742059,100.0,3.37,7408.7,4.18122100091018,11.0144864791744,13.0,29.506608394003898,71.656,37.0,18.5,96.44259,4.9,1.0613346862793,11.7399997711182,0.02,-0.4999999999999999
El Salvador,SLV,2015,0.2,7.875217,95.4000015258789,2.101,494.54171809229797,2.39897313327137,7.59768917351694,48.0,-0.731384487387986,72.41199999999999,48.0,13.3,6.325121,10.6,1.02657569885254,4.0,0.21,0.04761904761904753
El Salvador,SLV,2016,0.18,4.3950569999999995,96.0,2.079,479.469380713821,2.54592608601685,8.03862979428837,60.0,0.604049086996682,72.64399999999999,47.0,12.8,6.356137,9.9,0.998004531860352,4.42000007629395,0.2,0.10000000000000009
El Salvador,SLV,2017,0.17,7.044874,96.8000030517578,2.059,503.80141518300104,2.2466700387792997,8.45405216690571,72.0,1.01235403315573,72.872,46.0,12.3,6.3881239999999995,9.1,0.961506423950195,4.3899998664856,0.18,0.055555555555555455
Eritrea,ERI,2015,0.11,3.808131,46.0322418212891,4.217,49.323,1.6649304559933118,2.1026643050655123,102.0,6.0248905206187136,64.664,518.0,34.0,8.9898984,21.419999999999998,0.76161003112793,5.82800006866455,0.12,0.0833333333333333
Eritrea,ERI,2016,0.1,8.967911,47.2480392456055,4.164,52.305,2.4109120928729952,2.1817474195193767,108.0,4.956117232638793,65.111,498.0,33.1,8.3718272,21.900000000000002,1.1571203308105469,5.90199995040894,0.11,0.09090909090909087
Eritrea,ERI,2017,0.09,7.439496000000001,48.4727439880371,4.112,55.468,4.309082873389363,1.9894729054187086,99.0,5.271769399702784,65.538,480.0,32.2,10.221562800000001,15.14,0.6847451782226559,5.94299983978271,0.1,0.10000000000000009
Eswatini,SWZ,2015,11.81,41.301314,64.0124130249023,3.065,31.498094370293003,2.22748067532406,8.813008781535109,648.0,4.95124493704917,55.358999999999995,435.0,45.2,1.1040379999999999,12.8,1.19215377807617,23.3290004730225,13.52,0.12647928994082833
Eswatini,SWZ,2016,10.17,74.285002,63.4300003051758,3.0410000000000004,26.8520776519874,1.0626101934285301,8.70584316961283,537.0,7.847274590856809,56.961999999999996,436.0,42.6,1.1139940000000002,13.0,1.16795013427734,22.719999313354503,11.81,0.13886536833192215
Eswatini,SWZ,2017,8.64,80.568699,73.5,3.0180000000000002,-57.6475933929901,2.0265781557498,8.40803591539676,502.0,6.22137528933114,58.318999999999996,437.0,43.5,1.124808,12.4,1.1516014099121101,22.7530002593994,10.17,0.15044247787610612
Ethiopia,ETH,2015,0.2,237.75627999999998,29.0,4.565,2626.517918313,10.3924630202334,1.6573447042636498,192.0,9.568899559686178,65.048,446.0,43.2,100.835453,14.8,1.0097148895263701,2.2739999294281,0.22,0.09090909090909087
Ethiopia,ETH,2016,0.19,263.904687,42.9000015258789,4.456,4142.93749646329,9.433482657844019,1.8788126819381399,177.0,6.62813337230929,65.482,422.0,41.3,103.603461,13.8,1.0381782836914062,2.2880001068115203,0.2,0.050000000000000044
Ethiopia,ETH,2017,0.17,241.37717400000002,44.2999992370605,4.35,4017.1595646543396,9.564189642956071,2.02156290796009,164.0,10.6817295464484,65.872,401.0,39.5,106.39992600000001,14.0,1.0338071746826178,2.29900002479553,0.19,0.1052631578947368
Fiji,FJI,2015,0.12,0.660858,95.16824340820308,2.8,205.37320911650502,4.50119939222793,12.412350685871901,52.0,1.37488542621447,67.10300000000001,35.0,20.6,0.868632,6.4,1.06716461181641,4.29500007629395,0.11,-0.09090909090909087
Fiji,FJI,2016,0.13,0.542359,96.5617446899414,2.7969999999999997,391.61965540088204,2.44565200769968,12.6319122008691,45.0,3.86322538221274,67.175,34.0,21.1,0.8724059999999999,6.3,1.06438888549805,4.32000017166138,0.12,-0.08333333333333341
Fiji,FJI,2017,0.14,0.165301,96.0,2.7880000000000003,387.60256530544603,5.35336493706966,13.4293006222384,51.0,3.3475783475783505,67.252,34.0,21.5,0.87746,6.3,0.9861539764404281,4.27799987792969,0.13,-0.07692307692307698
Gabon,GAB,2015,0.96,0.713389,87.37686157226558,4.064,41.7077023264655,3.8788993950789,14.699536047834899,537.0,-0.338795188753357,64.913,261.0,36.1,1.9476900000000001,13.9,1.1242027587890626,20.613000869751,1.08,0.1111111111111112
Gabon,GAB,2016,0.78,0.712651,88.20382690429692,4.039,1243.66016,2.09144220829562,14.286189704592099,533.0,2.1067071278405,65.418,256.0,34.6,2.007882,15.0,0.9695494384765639,20.669000625610398,0.96,0.18749999999999994
Gabon,GAB,2017,0.69,0.77599,86.2699966430664,4.008,1314.02933,0.47264203091114604,15.006844037498698,529.0,2.65192583143898,65.839,252.0,33.7,2.064812,16.0,0.9817257385253907,20.7210006713867,0.78,0.11538461538461549
"Gambia, The",GMB,2015,1.03,4.1620230000000005,54.5619888305664,5.39,71.9760517034138,4.0580738039996,2.06685935860117,173.0,6.80845494579613,60.91,625.0,39.7,2.08586,11.3,0.900451278686523,9.467000007629391,1.07,0.03738317757009349
"Gambia, The",GMB,2016,1.03,3.995661,56.3274078369141,5.337999999999999,69.830172212844,1.94335965478776,2.0687478012801104,170.0,7.22879272057922,61.166000000000004,611.0,38.6,2.149134,11.7,0.920222091674805,9.4980001449585,1.03,0.0
"Gambia, The",GMB,2017,1.0,4.608439,56.2000007629395,5.281000000000001,64.3385160351372,4.822611249275701,2.07264683284207,166.0,8.0341897454591,61.44,597.0,37.5,2.2139,11.9,0.952371063232422,9.48499965667725,1.03,0.029126213592233035
Georgia,GEO,2015,0.16,8.4989,100.0,2.05,1735.2853919,3.0222073801970297,12.089169405044698,99.0,4.00357820695098,72.973,27.0,9.4,3.725276,8.1,1.02753471374512,16.5100002288818,0.15,-0.06666666666666674
Georgia,GEO,2016,0.16,4.1939910000000005,100.0,2.059,1659.81999332,2.9064387800206397,12.858483400189801,92.0,2.1349271393912397,73.207,26.0,9.1,3.7275050000000003,8.3,1.00343948364258,16.6000003814697,0.16,0.0
Georgia,GEO,2017,0.16,5.788347,100.0,2.062,1920.62829325,4.842603224965861,13.589707391515901,86.0,6.03531725272117,73.414,25.0,8.8,3.728004,8.3,1.00358306884766,13.9399995803833,0.16,0.0
Ghana,GHA,2015,0.84,35.264026,74.07884216308591,4.041,3192.3205307896997,2.12075933817334,5.20602887134007,160.0,17.1499695007878,62.772,320.0,38.8,27.849203000000003,7.7,1.08337890625,6.80999994277954,0.86,0.023255813953488393
Ghana,GHA,2016,0.82,33.2876,79.3000030517578,3.984,3485.33336927964,3.37346574966936,4.99273033905348,156.0,17.4546347070868,63.123999999999995,314.0,37.4,28.481946999999998,7.6,1.0672796630859398,5.52699995040894,0.84,0.023809523809523832
Ghana,GHA,2017,0.78,58.58005,79.0,3.926,3254.99,8.12889488100956,5.11590675022862,152.0,12.371921550704801,63.463,308.0,36.2,29.121464000000003,7.1,1.05509880065918,4.2199997901916495,0.82,0.04878048780487796
Guatemala,GTM,2015,0.07,12.058247999999999,90.52062225341801,3.029,1203.35508,4.09217081621244,8.19444068126819,26.0,2.3887203283955203,73.25,103.0,23.7,15.567419000000001,17.3,1.01512687683105,2.50999999046326,0.07,0.0
Guatemala,GTM,2016,0.06,10.602343,91.81558227539058,2.9730000000000003,845.78656,2.6778025553282596,8.221746427221941,24.0,4.4484419994282405,73.541,98.0,22.9,15.827689999999999,16.4,1.0081230163574202,2.57999992370605,0.07,0.14285714285714296
Guatemala,GTM,2017,0.06,8.199505,93.3000030517578,2.92,998.3444699999999,3.0798514912568904,8.322216809915039,25.0,4.42453655182543,73.81,95.0,22.2,16.087418,16.3,1.0119489288330101,2.4600000381469704,0.06,0.0
Guinea-Bissau,GNB,2015,1.35,0.7295520000000001,20.0531539916992,4.708,18.5754994478127,6.134082941132919,1.59720425429364,361.0,1.4767204891048402,56.958999999999996,694.0,60.0,1.737207,35.120000000000005,0.9919535827636711,5.869999885559079,1.41,0.04255319148936158
Guinea-Bissau,GNB,2016,1.3,5.67915,22.968791961669897,4.631,14.2217,6.26280563780463,1.74675274593369,361.0,1.5031205586109,57.328,679.0,58.1,1.782434,30.32,1.057631912231444,5.9510002136230495,1.35,0.03703703703703707
Guinea-Bissau,GNB,2017,1.18,4.50128,26.0,4.553,15.6911979520896,5.919176625860469,1.92523773659951,361.0,1.6911146182229497,57.673,667.0,56.3,1.8281459999999998,21.98,1.043083694458009,5.98600006103516,1.3,0.09230769230769238
Guinea,GIN,2015,0.65,12.838403,34.7451210021973,4.933,53.2724584212994,3.82592166670138,1.81936234274976,177.0,10.8206821245734,59.598,699.0,68.4,11.432096000000001,24.059999999999995,0.9919535827636711,4.9229998588562,0.65,0.0
Guinea,GIN,2016,0.61,22.561021,33.5,4.854,1618.4472602648498,10.8206214375736,2.07864100321761,176.0,8.17211696321603,60.17,621.0,67.1,11.738434,7.42,0.9150917053222659,4.88000011444092,0.65,0.06153846153846159
Guinea,GIN,2017,0.59,14.039629999999999,35.4000015258789,4.777,577.59,10.300000493795698,2.41780379491483,176.0,8.91452597036354,60.706,576.0,66.0,12.067516,22.02,0.8985400695800791,4.91400003433228,0.61,0.03278688524590167
Guyana,GUY,2015,0.51,5.901201,88.0038375854492,2.5340000000000003,137.7,0.6875212100921709,11.1983011463181,93.0,-1.00173432776379,69.262,172.0,27.4,0.767433,6.7,1.0493560943603517,13.2119998931885,0.53,0.03773584905660381
Guyana,GUY,2016,0.5,5.908728,89.1703567504883,2.509,162.654036352959,3.8079188370272004,11.2967699725276,94.0,0.836008061506297,69.454,170.0,26.6,0.771363,6.3,1.1179066619873048,13.46399974823,0.51,0.01960784313725492
Guyana,GUY,2017,0.49,5.452052,90.2958145141602,2.485,327.34365121783,3.73437406053053,12.0054051046745,84.0,1.9046561551558199,69.624,169.0,25.9,0.7752180000000001,6.0,1.05980271911621,13.746000289917,0.5,0.020000000000000018
Haiti,HTI,2015,0.69,97.581163,40.83628463745121,3.0980000000000003,105.68,2.5625088349003,2.8986246609268997,194.0,6.73184069659,62.485,488.0,52.8,10.69554,46.1,1.1519464416503886,13.9619998931885,0.73,0.05479452054794526
Haiti,HTI,2016,0.66,90.636015,40.4000015258789,3.0410000000000004,104.9,1.81246807847532,3.0840338344585496,188.0,11.502907394266698,62.896,489.0,51.5,10.839976,46.7,1.1959719238281248,13.9250001907349,0.69,0.0434782608695651
Haiti,HTI,2017,0.59,87.035527,43.749271392822294,2.986,374.855,2.51027134544685,3.1532993886999603,181.0,10.680088724258301,63.29,480.0,50.3,10.982367,48.0,0.9311909332275391,13.876999855041499,0.66,0.10606060606060615
Honduras,HND,2015,0.08,5.471933,89.9817123413086,2.5810000000000004,1316.6798273359698,3.84007997093951,4.82339539552507,40.0,3.1578311798092096,74.495,67.0,16.5,9.112903999999999,14.5,0.927776412963867,6.150000095367429,0.08,0.0
Honduras,HND,2016,0.08,9.258728999999999,91.5999984741211,2.536,1147.0304499968302,3.8929721972641302,5.147245133256799,39.0,2.72461223295292,74.70100000000001,65.0,16.0,9.270794,13.8,0.925846862792969,6.73000001907349,0.08,0.0
Honduras,HND,2017,0.08,5.0492040000000005,86.5,2.496,949.9559415177789,4.84291391050387,5.561994542191241,37.0,3.9343608444203504,74.898,65.0,15.4,9.429016,13.2,0.9153495788574221,5.53000020980835,0.08,0.0
India,IND,2015,0.06,161.208377,88.0,2.295,44009.49212953191,7.99625378571471,5.46485917800941,217.0,4.90697344127255,68.607,158.0,34.9,1310.152392,14.7,1.08485229492188,5.43499994277954,0.06,0.0
India,IND,2016,0.05,62.93194200000001,89.2177963256836,2.266,44458.571545798,8.25630550179086,5.839864816753369,211.0,4.94821634062141,68.89699999999999,150.0,33.1,1324.51725,14.2,1.1453832244873001,5.4229998588562,0.06,0.1666666666666666
India,IND,2017,0.05,24.518785,92.1249465942383,2.2430000000000003,39966.0913587384,6.795383418979111,6.182922108574441,204.0,3.32817337461299,69.165,145.0,31.4,1338.676779,13.8,1.1295786285400402,5.35799980163574,0.05,0.0
Indonesia,IDN,2015,0.15,40.181509000000005,97.5373687744141,2.3890000000000002,19779.1279769576,4.87632230022123,10.2472063381531,325.0,6.36312113115614,70.768,192.0,23.2,258.38325699999996,7.0,1.05960243225098,4.51000022888184,0.16,0.06250000000000006
Indonesia,IDN,2016,0.14,40.075677,97.62000274658199,2.362,4541.71373923769,5.0330691828017695,10.4944738000481,322.0,3.5258051568793,71.035,184.0,22.4,261.556386,6.8,1.05609878540039,4.30000019073486,0.15,0.06666666666666654
Indonesia,IDN,2017,0.13,80.392084,98.1399993896484,2.336,20510.3108324469,5.06978590134916,10.9356317158256,319.0,3.8087980695316297,71.282,177.0,21.6,264.650969,6.4,1.05911430358887,3.8800001144409197,0.14,0.07142857142857148
"Iran, Islamic Rep.",IRN,2015,0.03,6.597988000000001,99.9599990844727,2.041,2050.0,-1.3206451197301599,13.5884688130805,16.0,12.4846815611533,75.796,17.0,13.3,78.49220799999999,4.7,1.0890070343017602,11.1700000762939,0.04,0.25000000000000006
"Iran, Islamic Rep.",IRN,2016,0.03,4.084912999999999,99.9499969482422,2.083,3372.0,13.3962426157509,14.011549710171302,15.0,7.24542548952983,76.047,16.0,12.8,79.563991,4.9,1.1123557281494099,12.619999885559098,0.03,0.0
"Iran, Islamic Rep.",IRN,2017,0.03,4.786986,99.94000244140629,2.116,5019.0,3.7551964519190197,14.535873577848301,14.0,8.04492437660281,76.271,16.0,12.4,80.673888,5.2,1.1070754241943401,12.229999542236301,0.03,0.0
Jamaica,JAM,2015,0.62,6.965692999999999,94.9000015258789,2.026,924.977863710038,0.9214871253803101,8.79205695694686,4.5,3.69154228855723,74.098,78.0,13.4,2.8910240000000003,9.6,1.0498549957275405,13.5100002288818,0.63,0.015873015873015886
Jamaica,JAM,2016,0.61,9.745042,96.7379837036133,2.009,927.976718982491,1.3752230644553798,9.19415673929581,4.4,2.35102197485846,74.175,80.0,13.0,2.9062419999999998,9.3,1.0246743774414062,13.1899995803833,0.62,0.01612903225806453
Jamaica,JAM,2017,0.6,11.68033,97.6095809936523,1.993,888.835228478601,0.9971230623351909,9.60010474580389,5.2,4.3783986499156,74.267,80.0,12.6,2.920848,8.8,1.0317724304199225,11.630000114440902,0.61,0.016393442622950834
Jordan,JOR,2015,0.01,5.0890542000000005,99.8981704711914,3.071,1600.2816901408498,2.49652879315188,9.46468224216374,5.7,-0.876851359704022,74.078,48.0,15.0,9.266573,6.3,1.0037046203613287,13.0799999237061,0.01,0.0
Jordan,JOR,2016,0.01,4.143428800000001,99.9588241577148,2.9539999999999997,1552.95774647887,1.9941808493011999,9.445916862995619,5.4,-0.7784304630541171,74.184,47.0,14.6,9.554286,7.1,0.78560417175293,15.279999732971199,0.01,0.0
Jordan,JOR,2017,0.01,0.015927,100.0,2.8489999999999998,2029.7183098591502,2.0871145512629097,10.003574982729699,6.7,3.32389447576096,74.292,46.0,14.1,9.785839999999999,7.7,0.80770866394043,18.1399993896484,0.01,0.0
Kazakhstan,KAZ,2015,0.14,4.55405,100.0,2.74,6577.824049679,1.19999999976802,23.224117835357298,81.0,6.6657761154154,71.97,12.0,10.6,17.542806,2.5,1.1164008331298798,4.92999982833862,0.12,-0.16666666666666682
Kazakhstan,KAZ,2016,0.16,1.9914470000000002,100.0,2.77,17220.9625479215,1.0999999999016399,23.818824826014104,73.0,14.546023794614902,72.41,10.0,9.8,17.794055,2.5,1.0988520812988298,4.96000003814697,0.14,-0.14285714285714277
Kazakhstan,KAZ,2017,0.17,2.688886,100.0,2.75,4712.63147052606,4.10000000033854,24.8629661245889,69.0,7.4400043732575405,72.95,10.0,9.4,18.037776,2.6,1.08747756958008,4.90000009536743,0.16,-0.06250000000000006
Kenya,KEN,2015,1.18,463.21849199999997,41.5999984741211,3.765,619.719962285828,4.96772112759767,3.68304191069911,380.0,6.582174402503981,64.798,353.0,35.2,47.878339000000004,21.5,1.03661567687988,2.7769999504089395,1.37,0.13868613138686142
Kenya,KEN,2016,1.03,537.540569,53.0999984741211,3.6630000000000003,678.803416953924,4.21351706814744,3.930893857889,348.0,6.29715752456274,65.393,346.0,34.4,49.051531,23.2,1.03205337524414,2.75999999046326,1.18,0.12711864406779655
Kenya,KEN,2017,0.93,559.89675,55.976409912109396,3.572,1266.13728266311,3.81550642712519,4.20358501078548,319.0,8.0057227913467,65.90899999999999,342.0,33.7,50.221146000000005,24.6,0.9316439971923838,3.51300001144409,1.03,0.09708737864077667
Kyrgyz Republic,KGZ,2015,0.11,7.149147999999999,98.69000244140629,3.2,1144.0539999999999,3.87582544821402,4.21482950886186,136.0,6.503318389933809,70.6512195121951,66.0,19.9,5.9569,8.0,1.0541007232666,7.55999994277954,0.11,0.0
Kyrgyz Republic,KGZ,2016,0.11,3.208374,99.7099990844727,3.1,619.2207,4.33585591715968,4.68117473284248,133.0,0.38883829689588706,70.9512195121951,63.0,18.9,6.0795,7.9,1.04601470947266,7.21000003814697,0.11,0.0
Kyrgyz Republic,KGZ,2017,0.11,0.703965,100.0,3.0,-107.2128,4.739937225394661,5.04669153549095,124.0,3.1753098637994,71.2,60.0,18.0,6.1982,7.7,1.0704242706298799,6.889999866485599,0.11,0.0
Lao PDR,LAO,2015,0.15,5.840475,89.6999969482422,2.7960000000000003,1077.75991458895,7.2700658433986405,6.16848130240193,182.0,1.27735427102986,66.546,209.0,42.1,6.741160000000001,6.7,1.13965599060059,0.777999997138977,0.16,0.06250000000000006
Lao PDR,LAO,2016,0.15,5.425875,90.54953002929692,2.7510000000000003,935.296172783645,7.02283625501138,6.84355958300796,175.0,1.59691227583204,66.92399999999999,196.0,40.5,6.845847999999999,5.9,1.0965175628662098,0.7919999957084659,0.15,0.0
Lao PDR,LAO,2017,0.14,4.501071,93.5999984741211,2.7089999999999996,1693.08081093877,6.8925308726989005,7.25781210698745,168.0,0.8254786075681301,67.277,185.0,39.1,6.953031,5.6,1.06017402648926,0.805000007152557,0.15,0.06666666666666654
Lebanon,LBN,2015,0.03,0.187131,99.5831756591797,2.103,2159.2899516999996,0.581709756533684,15.1059569116377,12.0,-3.74914524799635,78.768,29.0,7.1,6.532681,5.9,1.0477800598144542,9.31700038909912,0.03,0.0
Lebanon,LBN,2016,0.03,0.126154,99.7256240844727,2.104,2568.4850711,1.58205455056178,15.5355046481724,11.0,-0.7833596243615429,78.8,29.0,6.8,6.714281,6.2,1.0270213012695328,9.782999992370609,0.03,0.0
Lebanon,LBN,2017,0.03,0.044591000000000006,99.8798294067383,2.097,2522.4096534,0.782014000829008,16.0430606967963,10.0,4.32135218303198,78.833,29.0,6.6,6.819373,6.7,1.0304100494384767,10.2740001678467,0.03,0.0
Lesotho,LSO,2015,8.95,41.395089,31.6773338317871,3.218,206.51445990039798,3.1275577238295496,3.07739783427095,780.0,3.21844513655931,51.038000000000004,574.0,72.6,2.059011,29.9,1.16634521484375,23.8409996032715,9.84,0.09044715447154478
Lesotho,LSO,2016,7.92,48.622271000000005,35.071590423584,3.197,79.2345489131339,3.58836459667835,2.99028370292122,721.0,6.596504906965429,52.059,559.0,72.9,2.075041,28.3,1.17695266723633,23.475000381469698,8.95,0.1150837988826815
Lesotho,LSO,2017,6.83,64.564642,33.7000007629395,3.1710000000000003,42.16878411375671,-3.14194994562207,2.66829142526247,681.0,4.44769937376299,52.946999999999996,544.0,73.1,2.091532,26.0,1.20897499084473,23.2000007629395,7.92,0.1376262626262626
Liberia,LBR,2015,0.45,8.597657,15.161735534667999,4.54,232.679832473779,-0.0185649695590939,1.31246276613004,308.0,7.748696876213111,62.269,691.0,64.4,4.4722290000000005,36.4,0.953327102661133,2.07999992370605,0.51,0.11764705882352941
Liberia,LBR,2016,0.42,8.172441000000001,17.7000007629395,4.461,311.69976032287497,-1.5549586174878,1.42979208229377,308.0,8.83424868336493,62.802,661.0,63.1,4.586787999999999,36.4,0.894702072143555,3.07999992370605,0.45,0.06666666666666672
Liberia,LBR,2017,0.38,6.5428370000000005,24.2000007629395,4.387,247.84298301405,2.4551559201223903,1.56419768164013,308.0,12.4196323907137,63.295,661.0,62.0,4.702224,36.6,0.851091918945313,3.04900002479553,0.42,0.09523809523809519
Libya,LBY,2015,0.04,2.9301732,73.42857360839841,2.356,0.0,-8.8620393625491,12.220023401598402,40.0,3.109377966714414,72.12100000000001,70.0,11.4,6.418315,12.62,1.0548339080810538,19.5310001373291,0.04,0.0
Libya,LBY,2016,0.04,0.016248,71.8302230834961,2.3169999999999997,0.0,-2.79546888990187,11.108723683401502,40.0,14.366434547076755,72.311,73.0,11.0,6.49216,5.74,1.0732609863281262,19.527999877929698,0.04,0.0
Libya,LBY,2017,0.04,0.002983,70.2407684326172,2.2769999999999997,0.0,26.680902632798098,13.2380005389502,40.0,7.533423958870671,72.52,72.0,10.6,6.580723,9.5,1.0568820953369127,19.371000289917,0.04,0.0
Madagascar,MDG,2015,0.19,3.422489,23.005933761596697,4.2410000000000005,328.05930556932003,3.1322980725707597,1.54683722027581,233.0,7.40419174202125,65.539,363.0,41.3,24.23408,40.2,1.47314193725586,1.78999996185303,0.17,-0.11764705882352934
Madagascar,MDG,2016,0.2,6.112214,22.899999618530302,4.184,540.8427798293341,3.9931460641238905,1.6066674053855101,233.0,6.03575858154682,65.931,348.0,40.3,24.894370000000002,41.6,1.43824188232422,1.80499994754791,0.19,-0.05263157894736847
Madagascar,MDG,2017,0.21,6.348344,24.100000381469698,4.13,464.85658964880895,3.93330759454741,1.5844245185911,233.0,8.60905075422951,66.311,335.0,39.3,25.570511,42.3,1.0708830261230466,1.82299995422363,0.2,-0.049999999999999906
Malawi,MWI,2015,2.49,154.733913,10.8000001907349,4.527,287.746689246669,2.80000000006831,1.44573511225774,197.0,21.8673475542553,61.953,370.0,36.7,16.745305,16.0,1.4639682006835901,5.8639998435974094,2.79,0.10752688172043004
Malawi,MWI,2016,2.21,122.25678400000001,11.0,4.407,115.7,2.48404062523817,1.4543589410317002,176.0,21.7111132136499,62.681000000000004,358.0,34.6,17.205253,16.1,1.44532943725586,5.81699991226196,2.49,0.11244979919678724
Malawi,MWI,2017,1.88,122.04646299999999,12.6999998092651,4.302,90.2,4.000030517075491,1.47214686847702,162.0,11.543393918877001,63.278999999999996,349.0,32.8,17.670192999999998,16.5,1.4548887634277299,5.7600002288818395,2.21,0.14932126696832582
Malaysia,MYS,2015,0.16,1.132565,99.77881622314449,2.056,9857.16211182329,5.09153242155011,24.8018884320151,90.0,2.10438980238344,75.461,30.0,6.9,30.270965000000004,3.8,1.03818672180176,3.0999999046325697,0.17,0.058823529411764754
Malaysia,MYS,2016,0.16,1.039609,99.9000015258789,2.037,13470.089920806999,4.44978139761541,25.5461295181653,94.0,2.09056659525745,75.649,29.0,7.0,30.684652000000003,3.5,1.04999183654785,3.4400000572204603,0.16,0.0
Malaysia,MYS,2017,0.15,0.591357,99.95248413085942,2.019,9368.46982266146,5.81272240983328,26.661507416033302,94.0,3.8712011577424,75.828,29.0,7.1,31.104654999999998,3.4,1.0529160308837902,3.41000008583069,0.16,0.06250000000000006
Mali,MLI,2015,0.39,17.739614000000003,37.5999984741211,6.145,275.414752965424,6.17180002424978,2.0326558718800802,57.0,1.45069057605958,57.50899999999999,620.0,66.8,17.438772,5.0,0.756831817626953,7.73000001907349,0.42,0.07142857142857137
Mali,MLI,2016,0.36,23.681301,38.789821624755895,6.057,356.234602718246,5.85229919941415,2.18900662171156,56.0,-1.79964707083376,57.986999999999995,590.0,65.1,17.965448000000002,5.3,0.771702575683594,7.57000017166138,0.39,0.07692307692307698
Mali,MLI,2017,0.33,24.357142,34.779998779296896,5.968,559.362392099868,5.30545608438166,2.24679742084484,55.0,1.7598574292715299,58.452,562.0,63.4,18.512429,6.3,0.801707763671875,7.40999984741211,0.36,0.08333333333333326
Mauritius,MUS,2015,0.81,0.348982,99.3616104125977,1.36,216.4551883,3.5530717035885,19.2298354887212,13.0,1.2865497076023502,74.3531707317073,73.0,12.8,1.262605,5.6,1.02920539855957,7.40999984741211,0.85,0.047058823529411674
Mauritius,MUS,2016,0.8,0.46943599999999996,99.48001098632808,1.4,378.7644323,3.8379326540919303,20.701218972036397,12.0,0.9776751347190171,74.3948780487805,67.0,12.8,1.2634729999999998,5.7,1.02453407287598,6.80999994277954,0.81,0.012345679012345689
Mauritius,MUS,2017,0.8,2.194398,99.6100006103516,1.44,479.9958903,3.81415210844426,21.4151161096211,12.0,3.66699702675917,74.51463414634149,61.0,13.2,1.264613,5.9,1.01525238037109,6.75,0.8,0.0
Mexico,MEX,2015,0.16,0.085941,99.0,2.215,35818.480439,3.2931515283338704,18.301500469046896,22.0,2.7206406496402997,74.904,36.0,13.9,121.858251,5.0,1.0660610961914099,4.30999994277954,0.16,0.0
Mexico,MEX,2016,0.16,0.01804,99.5,2.186,38884.161052999996,2.63053242455089,19.3236658689896,22.0,2.8217078474765303,74.917,34.0,13.5,123.33337900000001,5.8,1.0627773284912099,3.85999989509583,0.16,0.0
Mexico,MEX,2017,0.16,0.019516,100.0,2.157,33170.534975,2.11312913549695,19.7212609759241,23.0,6.04145724018992,74.947,33.0,13.0,124.777326,6.1,1.05770011901855,3.42000007629395,0.16,0.0
Moldova,MDA,2015,0.31,0.811828,100.0,1.261,225.87,-0.338235324459944,9.254848605129759,102.0,9.676240331018679,71.47800000000001,22.0,13.6,2.83453,4.999999999999999,1.0568974304199201,4.699999809265139,0.33,0.060606060606060656
Moldova,MDA,2016,0.28,4.15874,100.0,1.2590000000000001,87.44,4.4088867237821505,10.610477842799302,101.0,6.3593089803793506,71.617,20.0,13.3,2.8021700000000003,5.74,1.0437663269043,4.019999980926509,0.31,0.09677419354838701
Moldova,MDA,2017,0.27,4.248885,99.9800033569336,1.2590000000000001,149.52,4.69079339018722,11.651317454686199,95.0,6.57022997455603,71.717,19.0,13.1,2.755158,4.9799999999999995,1.0354244995117199,4.099999904632569,0.28,0.03571428571428574
Mongolia,MNG,2015,0.02,2.178673,88.40017700195308,2.918,94.31976747415631,2.37983580688504,10.648273982050698,428.0,5.72687224669603,69.111,47.0,16.6,2.9984330000000003,8.4,1.00362373352051,4.8600001335144,0.02,0.0
Mongolia,MNG,2016,0.01,1.251507,89.83840942382808,2.923,-4156.4047037768705,1.48978448504865,10.737486130693199,428.0,0.742300726059404,69.321,46.0,15.9,3.0563580000000004,7.4,1.02969802856445,7.2399997711181605,0.02,0.5
Mongolia,MNG,2017,0.01,1.7928509999999998,92.51256561279301,2.9139999999999997,1494.35036346922,5.63687638962695,11.3663039371032,428.0,4.3107625408578,69.509,45.0,15.1,3.113788,6.3,1.02934089660645,6.360000133514401,0.01,0.0
Morocco,MAR,2015,0.03,1.878744,97.3000030517578,2.524,3252.91390235666,4.53637816806425,7.02496308902663,102.0,1.55790711346266,75.726,74.0,20.2,34.663608,3.8,1.0952397155761702,9.46000003814697,0.04,0.25000000000000006
Morocco,MAR,2016,0.03,6.020766,97.8000030517578,2.489,2153.36390493515,1.0598563900817901,7.11300459986287,103.0,1.63531114327061,75.97399999999999,72.0,19.1,35.126274,3.8,1.10395782470703,9.30000019073486,0.03,0.0
Morocco,MAR,2017,0.03,4.704495,100.0,2.451,2680.10985621237,4.25460327324099,7.312056779038559,100.0,0.7546632493236328,76.218,70.0,18.2,35.581257,3.7,1.1240216064453101,9.24199962615967,0.03,0.0
Mozambique,MOZ,2015,5.11,210.71952000000002,24.0,5.062,3868.35388495,6.72327878035819,1.29126803368146,361.0,3.5507596735674603,57.206,318.0,61.3,27.042001000000003,29.7,1.0862914276123001,3.4300000667572004,5.46,0.06410256410256404
Mozambique,MOZ,2016,4.78,331.523175,26.246520996093803,4.992,3128.1499286999997,3.82421431921188,1.3636749532013703,361.0,17.4180418197597,58.309,301.0,59.4,27.829929999999997,31.5,1.08646560668945,3.4470000267028795,5.11,0.06457925636007829
Mozambique,MOZ,2017,4.36,402.008652,24.2999992370605,4.922,2319.07197147682,3.74131759312564,1.2836598698098602,361.0,15.1132073899385,59.309,289.0,57.5,28.649007,31.4,1.07813247680664,3.45099997520447,4.78,0.08786610878661086
Namibia,NAM,2015,4.11,57.546445,51.5999984741211,3.54,838.87906271593,4.26417453763675,10.633294417575,639.0,3.39401538410559,62.119,217.0,33.3,2.314901,21.0,1.0629820709228501,20.9109992980957,4.16,0.012019230769230727
Namibia,NAM,2016,3.79,63.315813,49.7000007629395,3.4960000000000004,358.727049605925,0.0337944502063294,10.4271217565842,604.0,6.72858234593346,62.625,207.0,32.8,2.358044,20.2,1.0381041259765607,23.350000381469698,4.11,0.07785888077858887
Namibia,NAM,2017,3.66,88.38354100000001,52.5,3.447,280.476974998847,-1.02725082701774,10.1714214953612,565.0,6.145799811111621,63.021,195.0,32.2,2.402623,20.0,1.24179168701172,21.6389999389648,3.79,0.0343007915567282
Nepal,NPL,2015,0.05,15.549698000000001,82.5239562988281,2.0980000000000003,51.8956999282915,3.97605327162971,2.9962204618676602,268.0,7.86890895590905,69.515,236.0,29.2,27.015033000000003,5.3,1.44177673339844,3.0999999046325697,0.05,0.0
Nepal,NPL,2016,0.04,12.318534,90.6999969482422,2.0269999999999997,105.99637559065901,0.43311371938152393,2.98967500637537,260.0,8.79034332004629,69.848,200.0,27.8,27.26343,4.5,1.44488845825195,2.86800003051758,0.05,0.20000000000000004
Nepal,NPL,2017,0.04,16.835428,87.8963470458984,1.9669999999999999,196.26509856357498,8.97727935643466,3.5651978074005197,253.0,3.6270961069660896,70.169,186.0,26.6,27.632682,4.2,1.43919540405273,3.31800007820129,0.04,0.0
Nicaragua,NIC,2015,0.12,4.860716,83.24932861328129,2.48,967.0,4.79208628219105,5.293870462242871,50.0,3.99737996694398,73.649,101.0,16.6,6.223234,19.0,1.0498549957275405,4.699999809265139,0.13,0.07692307692307698
Nicaragua,NIC,2016,0.12,12.320881,84.6401138305664,2.455,989.1,4.56295442923394,5.694054287407889,46.0,3.5231731762847596,73.86,100.0,16.0,6.30397,18.0,0.999973831176758,3.9000000953674303,0.12,0.0
Nicaragua,NIC,2017,0.12,7.348053,85.98983764648442,2.43,1035.4,4.63253398090997,6.0040140875734105,44.0,3.85067166284725,74.068,98.0,15.4,6.384843,17.6,1.0240021667480466,3.29999995231628,0.12,0.0
Niger,NER,2015,0.07,6.456266,16.6000003814697,7.169,529.476871090612,4.39264883201906,1.14530940196903,95.0,-0.576090369833086,60.631,555.0,51.8,20.001663,15.38,0.715959091186523,0.5299999713897711,0.06,-0.16666666666666682
Niger,NER,2016,0.06,4.749809,17.271520614624,7.087000000000001,301.332480592526,5.740893150581571,1.15333968949334,93.0,1.6538892238780298,61.137,530.0,50.4,20.788789,21.6,0.734323272705078,0.5339999794960021,0.07,0.14285714285714296
Niger,NER,2017,0.06,7.3382559999999994,18.049526214599602,7.001,338.71071013916,5.00135994506591,1.16322617020833,90.0,2.7963731887127996,61.599,509.0,49.1,21.602388,25.0,0.74736198425293,0.541999995708466,0.06,0.0
Nigeria,NGA,2015,0.53,310.68122,52.5,5.5920000000000005,3064.16890445333,2.65269329541835,5.4263327873229406,219.0,9.00938718326781,53.111999999999995,931.0,79.3,181.137454,9.2,1.062135940551758,4.30999994277954,0.55,0.03636363636363639
Nigeria,NGA,2016,0.51,323.84409300000004,59.2999992370605,5.526,3453.2584079847998,-1.6168689499181599,5.234679126910709,219.0,15.675340552623402,53.541000000000004,925.0,78.3,185.960244,9.4,0.847256393432617,7.05999994277954,0.53,0.03773584905660381
Nigeria,NGA,2017,0.49,343.549243,54.4000015258789,5.457000000000001,2412.9749162326398,0.8058866195427041,5.190356126688361,219.0,16.523539980216903,53.95,917.0,77.1,190.873247,10.0,1.0541541595458985,8.39000034332275,0.51,0.03921568627450984
Pakistan,PAK,2015,0.1,17.721610000000002,71.3815460205078,3.66,1673.0,4.73114747532901,4.37301447488222,270.0,2.5293281725422596,66.577,154.0,62.1,199.426953,12.8,0.850899200439453,3.5699999332427996,0.09,-0.11111111111111122
Pakistan,PAK,2016,0.1,10.651087,71.5502243041992,3.612,2576.0,5.526735844744481,4.4100065649467,268.0,3.7651191635658403,66.77,143.0,60.5,203.631356,12.4,0.913174591064453,3.77900004386902,0.1,0.0
Pakistan,PAK,2017,0.1,12.424219,70.7900009155273,3.562,2496.0,5.55427743729406,4.57120507840804,267.0,4.08537368032604,66.947,140.0,58.9,207.90621000000002,12.1,0.9058917236328129,3.9159998893737797,0.1,0.0
Panama,PAN,2015,0.47,0.062103,92.29476928710942,2.54,5119.3,5.732690260260309,25.3192166879602,52.0,0.13749205846153698,77.77600000000001,58.0,14.6,3.96849,8.1,0.960771331787109,2.97699999809265,0.47,0.0
Panama,PAN,2016,0.47,0.004413,93.1647720336914,2.5140000000000002,5248.35445021,4.953434936877731,27.8285557137667,56.0,0.7397340253000281,77.964,55.0,14.1,4.037073,7.8,0.931219787597656,3.26300001144409,0.47,0.0
Panama,PAN,2017,0.46,0.098346,93.6999969482422,2.487,4082.06246894,5.591328273783059,30.446849566409696,57.0,0.875585918759888,78.149,52.0,13.7,4.106764,7.5,0.94385986328125,3.8589999675750697,0.47,0.021276595744680753
Papua New Guinea,PNG,2015,0.39,47.803971000000004,42.8782196044922,3.707,213.71009939246497,6.57835632304275,3.9667707103884,432.0,5.99595778127105,63.466,151.0,40.2,8.107772,25.0,1.0922487792968745,2.4760000705719,0.38,-0.026315789473684233
Papua New Guinea,PNG,2016,0.4,50.618009,49.4000015258789,3.657,19.180492956210102,5.489573152781871,4.14460363173213,432.0,6.67372881355933,63.744,148.0,39.3,8.271766,25.2,1.08545860290527,2.48399996757507,0.39,-0.025641025641025664
Papua New Guinea,PNG,2017,0.4,20.013357,54.4000015258789,3.61,161.47062280791098,3.5346108175045896,4.28562875648139,432.0,5.42204568023833,64.01,145.0,38.2,8.438038,25.1,1.1175884246826164,2.5069999694824197,0.4,0.0
Paraguay,PRY,2015,0.16,2.796471,99.33153533935551,2.508,480.46911439999997,2.95715173487106,11.4865231905557,40.0,3.1290027447392403,73.66199999999999,132.0,19.0,6.688746000000001,7.4,0.9946476898193353,4.55999994277954,0.16,0.0
Paraguay,PRY,2016,0.15,2.057823,98.4000015258789,2.479,492.76251132961,4.26802583314583,12.0417235427806,41.0,4.08682280577242,73.836,130.0,18.4,6.777878,7.7,1.0463498992919946,5.25,0.16,0.06250000000000006
Paraguay,PRY,2017,0.14,2.1787,99.3000030517578,2.4530000000000003,744.619762899364,4.81007885554041,12.590548443654999,43.0,3.60247741348939,73.992,129.0,17.8,6.867058,7.8,1.0174140472412108,4.6100001335144,0.15,0.06666666666666654
Peru,PER,2015,0.12,1.154995,93.85218048095699,2.323,8313.96679451777,3.25224477218451,11.572320793190201,122.0,3.3980919474629903,75.792,94.0,12.2,30.470739000000002,5.9,1.0023684692382802,3.2699999809265097,0.12,0.0
Peru,PER,2016,0.13,4.480885,94.1999969482422,2.2969999999999997,6739.05185818016,3.95331871520767,12.013377389700599,120.0,3.55717663556283,76.044,91.0,11.7,30.926036,6.9,1.03060279846191,3.74000000953674,0.12,-0.08333333333333341
Peru,PER,2017,0.13,3.9623720000000002,94.8000030517578,2.275,6860.49281949823,2.51883544233135,12.506529375058598,119.0,2.99490045809443,76.286,88.0,11.2,31.444298999999997,7.6,1.03519569396973,3.6900000572204603,0.13,0.0
Philippines,PHL,2015,0.1,3.9785489999999997,89.0800018310547,2.805,5639.15596187389,6.3483097167198,7.1867692804453895,550.0,0.6741925368454119,70.64399999999999,127.0,23.4,102.113206,13.3,1.12250930786133,3.0699999332427996,0.09,-0.11111111111111122
Philippines,PHL,2016,0.1,3.185731,92.0665054321289,2.718,8279.54827488501,7.149456749598699,7.703762275261071,554.0,1.2536988008098302,70.80199999999999,124.0,23.0,103.663812,12.1,1.10173927307129,2.70000004768372,0.1,0.0
Philippines,PHL,2017,0.12,8.395678,93.0,2.64,10256.4423988834,6.93098832586378,8.12086879330973,554.0,2.85318772590942,70.952,121.0,22.6,105.172921,10.9,1.07509773254395,2.5499999523162797,0.1,-0.1999999999999999
Rwanda,RWA,2015,0.53,118.50781599999999,22.7999992370605,4.157,162.083820997161,8.85684435529079,1.8045499523422301,61.0,2.52850284192422,67.45,275.0,34.6,11.369066,35.3,1.3962435913085902,1.1480000019073502,0.6,0.11666666666666659
Rwanda,RWA,2016,0.51,111.47344,29.3700008392334,4.123,279.747327598381,5.970744298085259,1.8823723800437098,62.0,7.17434301982013,67.93,260.0,33.7,11.668828999999999,34.8,1.4127868652343798,1.1440000534057602,0.53,0.03773584905660381
Rwanda,RWA,2017,0.45,115.695664,34.0999984741211,4.088,274.025990659944,3.9762896944846897,1.97524866113275,58.0,8.27953672260826,68.34100000000001,248.0,32.9,11.980960000000001,34.5,1.3768180847168001,1.13699996471405,0.51,0.11764705882352941
Senegal,SEN,2015,0.1,15.519854999999998,60.5,4.841,409.16612581490995,6.36704365066983,2.97134681699748,123.0,0.135211933635241,66.747,346.0,34.7,14.57845,9.8,0.8493398284912109,6.7600002288818395,0.11,0.09090909090909087
Senegal,SEN,2016,0.09,12.586217,64.5,4.77,472.40979984677597,6.3560685718187795,3.07593735141524,122.0,0.8372849425574179,67.078,330.0,33.3,14.993514000000001,8.9,1.0924023437500012,4.46000003814697,0.1,0.10000000000000009
Senegal,SEN,2017,0.09,14.024465,61.7000007629395,4.697,588.2929979587079,7.407486186301299,3.20390636811769,120.0,1.31815314847782,67.38,315.0,32.0,15.419354,7.9,0.9578179168701162,3.6900000572204603,0.09,0.0
Serbia,SRB,2015,0.02,0.013880000000000002,99.9000015258789,1.46,2343.13973574773,1.80605926509682,14.9284670387167,21.0,1.39235822000187,75.2878048780488,13.0,5.4,7.095383,4.1,1.0134291839599598,17.659999847412102,0.02,0.0
Serbia,SRB,2016,0.02,0.160083,100.0,1.46,2355.21463694215,3.33858676542988,15.858096271812698,19.0,1.12231397417765,75.6878048780488,12.0,5.2,7.058322,4.2,1.00571273803711,15.2600002288818,0.02,0.0
Serbia,SRB,2017,0.02,0.07712000000000001,100.0,1.49,2894.61596523761,2.1011638474124097,16.611023740948,19.0,3.13106248590119,75.5390243902439,12.0,5.1,7.0208580000000005,4.0,1.00312927246094,13.479999542236301,0.02,0.0
Sierra Leone,SLE,2015,0.9,6.3252489999999995,19.5345363616943,4.561,252.43582943390098,-20.598770715403198,1.5866897540866598,307.0,6.69367927894743,52.941,1180.0,95.1,7.171908999999999,25.8,1.1609912872314498,4.742000102996831,0.94,0.042553191489361625
Sierra Leone,SLE,2016,0.87,14.053081,20.2999992370605,4.457,138.509469264081,6.05547402877262,1.59661879942553,304.0,10.8832858622475,53.443999999999996,1120.0,89.7,7.328846,25.4,1.18246780395508,4.663000106811519,0.9,0.03333333333333336
Sierra Leone,SLE,2017,0.83,16.354429999999997,23.399999618530302,4.359,413.724476112752,4.19261007429208,1.6337307377959902,301.0,18.219809195771397,53.895,1120.0,87.3,7.488427000000001,26.2,1.2447628784179698,4.663000106811519,0.87,0.045977011494252915
Somalia,SOM,2015,0.02,6.485180000000001,51.134860992431605,6.3629999999999995,303.0,14.895301418612,1.08288587894515,274.0,4.121971991989427,55.92,855.0,83.6,13.797204,60.3,0.962617172241212,18.902999877929698,0.03,0.3333333333333333
Somalia,SOM,2016,0.02,8.384192,51.11323547363279,6.265,330.0,8.39934578091814,1.13554299817583,270.0,4.301867780936356,56.324,865.0,81.4,14.185635000000001,57.8,0.9484411773681642,18.8889999389648,0.02,0.0
Somalia,SOM,2017,0.02,7.950505000000001,52.0999984741211,6.167999999999999,369.0,2.59256022341189,1.07911244268258,266.0,9.739391330259693,56.708999999999996,829.0,79.1,14.589165,58.7,0.9301430206298841,18.881999969482397,0.02,0.0
South Africa,ZAF,2015,6.65,336.188759,85.3000030517578,2.484,1521.1399453053198,1.32186223678229,13.701945389508099,988.0,4.540642277379139,62.648999999999994,125.0,28.6,55.386368999999995,5.2,1.05570388793945,25.149999618530302,7.23,0.08022130013831259
South Africa,ZAF,2016,6.27,468.610393,83.9000015258789,2.457,2215.3070203954103,0.6645523078581159,13.748461415825698,805.0,6.57139642173959,63.153,122.0,28.0,56.207648999999996,5.4,1.0318495941162098,26.5400009155273,6.65,0.05714285714285726
South Africa,ZAF,2017,5.91,529.703844,84.4000015258789,2.43,2058.57991105235,1.1579469518173502,13.8602701664709,738.0,5.18424664766131,63.538000000000004,119.0,27.6,57.009751,5.5,1.00864730834961,27.0400009155273,6.27,0.05741626794258364
South Sudan,SSD,2015,1.36,26.858177,4.60133981704712,4.937,0.15,-10.7933646271143,1.23472557564895,227.0,52.7663304192143,56.855,1110.0,63.3,10.715657,31.060000000000002,0.729899063110352,12.2749996185303,1.39,0.021582733812949503
South Sudan,SSD,2016,1.37,14.770674,5.1173677444458,4.855,-7.85,3.3444825126694204,1.624909039607184,227.0,379.99958562402605,57.12,1130.0,63.3,10.83252,29.119999999999994,0.9781450805664067,12.2950000762939,1.36,-0.007352941176470594
South Sudan,SSD,2017,1.35,38.959556,4.19999980926514,4.775,1.42,2.472530827996598,1.656702693199028,227.0,187.851630279442,57.365,1150.0,63.3,10.910774,34.72,0.9711448364257826,12.253999710083,1.37,0.014598540145985413
Sri Lanka,LKA,2015,0.01,0.294209,94.35186767578129,2.213,679.655644244789,5.007683304727831,11.557487051768902,65.0,3.7683678306209396,76.316,36.0,7.5,20.97,6.8,1.01661468505859,4.519999980926509,0.01,0.0
Sri Lanka,LKA,2016,0.01,2.24937,97.5,2.211,897.049375883533,4.48663453096836,12.224215765146502,65.0,3.95888846593072,76.482,36.0,7.1,21.203000000000003,6.3,1.0147403717041,4.23999977111816,0.01,0.0
Sri Lanka,LKA,2017,0.01,2.545432,97.5,2.206,1372.72304313402,3.5781696792193998,12.5841047924776,64.0,7.70413767850603,76.648,36.0,6.7,21.444000000000003,5.9,1.0063271331787098,4.05000019073486,0.01,0.0
Sudan,SDN,2015,0.1,5.812004,46.903106689453104,4.593999999999999,1728.37340343067,1.91017689052751,4.434474994677879,88.0,16.9095706050979,64.429,320.0,45.2,38.902947999999995,11.2,0.7314597320556641,17.4899997711182,0.1,0.0
Sudan,SDN,2016,0.1,12.598668,48.849403381347706,4.532,1063.76753533587,3.4676421840928797,4.75705714578161,82.0,17.7502538311959,64.663,308.0,44.1,39.847433,11.8,0.7590737152099609,17.520000457763697,0.1,0.0
Sudan,SDN,2017,0.09,4.353959,50.7547187805176,4.468999999999999,1065.2984814186698,0.70925628476644,4.598850025707559,77.0,32.3516260968437,64.881,295.0,43.0,40.813398,11.8,0.768160629272461,17.5330009460449,0.1,0.10000000000000009
Suriname,SUR,2015,0.38,1.237357,94.89523315429692,2.494,183.66585269756,-3.4110960130708903,17.2102703419313,32.0,6.893903591682419,71.249,122.0,18.2,0.559136,7.7,1.1580362701416,7.21999979019165,0.41,0.07317073170731701
Suriname,SUR,2016,0.36,0.019428,95.81631469726558,2.469,231.666845653766,-4.91578646874108,15.0624412909026,25.0,55.4123879763194,71.358,121.0,17.7,0.564883,8.2,1.15546989440918,7.92000007629395,0.38,0.05263157894736847
Suriname,SUR,2017,0.33,0.039844,96.6963348388672,2.443,96.0755547414537,1.5671910652095602,18.283688389423197,28.0,21.9969430173304,71.46300000000001,120.0,17.2,0.570501,8.4,1.10557518005371,7.90399980545044,0.36,0.08333333333333326
Tajikistan,TJK,2015,0.15,5.235473000000001,98.0,3.623,454.01232000000005,5.99999926409104,3.1504271143731,86.0,5.71455949649708,70.137,18.0,32.6,8.454019,8.32,0.9760878753662109,7.55399990081787,0.17,0.11764705882352951
Tajikistan,TJK,2016,0.14,8.068047,99.20831298828129,3.6180000000000003,241.61626720902998,6.89999961998744,3.11489555778582,85.0,6.0045808232215405,70.39699999999999,17.0,31.8,8.663575,5.1,0.979857330322266,6.900000095367429,0.15,0.06666666666666654
Tajikistan,TJK,2017,0.13,8.401546000000002,99.3000030517578,3.6060000000000003,185.827080700795,7.100001403137,3.2529326553606803,85.0,6.957792152687365,70.64699999999999,17.0,30.9,8.88027,5.4,1.00857437133789,6.9539999961853,0.14,0.07142857142857148
Tanzania,TZA,2015,2.08,269.912218,26.1706371307373,5.079,1506.024896011,6.16062877406682,2.34844349707706,306.0,5.58816952959301,63.111000000000004,556.0,40.9,51.482638,24.4,0.846794662475586,2.14299988746643,2.18,0.04587155963302756
Tanzania,TZA,2016,1.99,436.71141500000004,32.7999992370605,5.015,864.04,6.867116196445509,2.4793340997507403,287.0,5.17476629301494,63.843999999999994,539.0,39.7,53.049231000000006,24.1,0.852978591918945,2.1579999923706104,2.08,0.0432692307692308
Tanzania,TZA,2017,1.83,482.20948300000003,32.251174926757805,4.953,937.7,6.785680114051981,2.530603317381,269.0,5.31871605228923,64.479,524.0,38.2,54.66034499999999,24.1,0.892176818847656,2.1770000457763703,1.99,0.08040201005025122
Thailand,THA,2015,0.16,2.237107,99.5999984741211,1.538,8927.57918216217,3.13404724911635,15.8223709934811,163.0,-0.900424963291544,76.09100000000001,38.0,9.3,68.714519,7.3,1.0065086364746099,0.6000000238418579,0.17,0.058823529411764754
Thailand,THA,2016,0.14,1.752862,99.8499603271484,1.537,3486.1843903006898,3.43515771692182,16.6161950047178,160.0,0.188149704448173,76.403,37.0,8.9,68.971313,7.5,1.00757530212402,0.6899999976158139,0.16,0.12499999999999993
Thailand,THA,2017,0.13,1.217359,99.9000015258789,1.5319999999999998,8285.16981969135,4.1776810321001,17.4229523512059,156.0,0.66563189313507,76.683,37.0,8.5,69.209817,7.7,0.996250305175781,0.8299999833106991,0.14,0.07142857142857148
Timor-Leste,TLS,2015,0.09,0.7765449999999999,67.2815322875977,4.218999999999999,42.9955,2.76107911021018,2.91273638111955,498.0,0.6461486141812629,68.459,160.0,42.8,1.196294,24.5,1.28213912963867,4.44600009918213,0.09,0.0
Timor-Leste,TLS,2016,0.1,1.152419,76.5,4.156000000000001,5.4787,3.3853065489387597,3.1305907130077006,498.0,-1.46984287886469,68.735,152.0,41.4,1.2192889999999998,24.1,1.2572125244140602,4.65999984741211,0.09,-0.11111111111111122
Timor-Leste,TLS,2017,0.1,1.599702,79.7789611816406,4.093,6.715937467148,-3.0710997607539503,3.17748513651044,498.0,0.522976680384116,69.007,142.0,40.1,1.24326,24.0,1.1976512908935502,4.76000022888184,0.1,0.0
Togo,TGO,2015,0.76,8.722107000000001,44.647590637207,4.516,257.860036464441,5.742868452865849,1.39733240170021,52.0,2.5839052698704,59.927,398.0,50.8,7.323162,20.9,1.28044006347656,2.2000000476837203,0.77,0.012987012987012998
Togo,TGO,2016,0.69,1.905168,46.765010833740206,4.449,-46.30833161785171,5.55907930535146,1.9542035734942902,46.0,1.2852466082451202,60.22,395.0,49.4,7.509952,21.6,1.2510714721679699,2.9660000801086404,0.76,0.09210526315789481
Togo,TGO,2017,0.65,15.131634,48.0,4.3839999999999995,88.55869950222342,4.3477482382254395,2.0122406926097303,41.0,-0.9802894955174029,60.489,396.0,48.1,7.698475999999999,21.2,1.24350967407227,3.74000000953674,0.69,0.05797101449275352
Tunisia,TUN,2015,0.03,0.698986,99.9000015258789,2.251,970.5218887402029,1.00018078425357,10.825087447997301,38.0,4.437371273215,75.922,46.0,14.8,11.179950999999999,2.5,1.1455493927001998,15.1599998474121,0.03,0.0
Tunisia,TUN,2016,0.03,0.7389439999999999,100.0,2.238,622.569482161979,1.11742585685852,10.9936254811499,38.0,3.6293993738438304,76.115,45.0,14.7,11.303942,2.5,1.1492017364501999,15.5600004196167,0.03,0.0
Tunisia,TUN,2017,0.03,2.950757,100.0,2.219,810.936482841998,2.2442009679090096,11.2344897248596,34.0,5.30884839565841,76.31,43.0,14.7,11.433438,2.5,1.15649612426758,15.3299999237061,0.03,0.0
Uganda,UGA,2015,1.99,300.70820499999996,18.5,5.394,737.6521401514281,5.18785986254728,2.12874495548916,202.0,5.41000419560863,61.373000000000005,387.0,38.9,38.225446999999996,13.5,1.02648399353027,1.9110000133514398,2.24,0.11160714285714295
Uganda,UGA,2016,1.85,387.837311,26.7000007629395,5.242000000000001,625.704361867068,4.7810002914467695,2.0924755658992,201.0,5.44575878373994,61.986000000000004,381.0,37.3,39.649173,21.98,1.04000663757324,1.91999995708466,1.99,0.0703517587939698
Uganda,UGA,2017,1.64,389.226207,32.5211524963379,5.095,802.704141008568,3.13140551785879,2.0746524357654197,201.0,5.640931922451769,62.516000000000005,375.0,35.7,41.166588,18.560000000000002,1.02704711914063,1.932000041008,1.85,0.1135135135135136
Ukraine,UKR,2015,0.25,25.973763,100.0,1.506,-198.0,-9.77298721103519,10.164327334085199,91.0,48.6998646434423,71.189512195122,21.0,8.1,45.154036,2.5,1.1533303833007822,9.14000034332275,0.25,0.0
Ukraine,UKR,2016,0.26,22.998513,100.0,1.466,4128.0,2.4409819445784,11.148196546631,87.0,13.912710199779598,71.4763414634146,20.0,7.9,45.004673,2.5,1.0381782836914062,9.35000038146973,0.25,-0.040000000000000036
Ukraine,UKR,2017,0.25,32.575319,100.0,1.374,3680.0,2.3599722809949104,11.8605609298492,84.0,14.438322748874901,71.7809756097561,19.0,7.6,44.831134999999996,2.5,1.037978607177734,9.5,0.26,0.03846153846153849
Uruguay,URY,2015,0.17,0.050371,99.70948028564449,1.9969999999999999,2673.04133941286,0.370741265001499,20.217560436564103,30.0,8.66626987079337,77.369,18.0,7.6,3.4120129999999995,2.5,1.11040481567383,7.4899997711181605,0.17,0.0
Uruguay,URY,2016,0.18,0.034255,99.6999969482422,1.9909999999999999,-515.650304781666,1.6897981642922801,22.4543948288087,30.0,9.63941347635073,77.498,18.0,7.2,3.424139,2.5,1.0970777893066401,7.84000015258789,0.17,-0.058823529411764594
Uruguay,URY,2017,0.18,0.013343,99.8000030517578,1.983,2686.5093534274897,1.62775397322494,23.0098742286911,31.0,6.218093825618629,77.632,17.0,6.8,3.4366449999999995,2.5,1.08459442138672,7.889999866485599,0.18,0.0
Uzbekistan,UZB,2015,0.16,4.1658800000000005,100.0,2.491,1041.19929109393,7.21877350826054,6.68018470067684,79.0,4.426164054715316,70.928,30.0,17.3,31.2989,2.5,0.999319305419922,5.199999809265139,0.17,0.058823529411764754
Uzbekistan,UZB,2016,0.15,9.30242,100.0,2.455,1662.58680703259,5.93215079992144,6.7969048920948305,76.0,54.90786140523786,71.171,29.0,16.1,31.8479,2.5,1.01572486877441,5.199999809265139,0.16,0.06250000000000006
Uzbekistan,UZB,2017,0.14,9.117009,100.0,2.419,1797.34143565381,4.39527463345708,6.840709860017049,73.0,4.439918111082818,71.388,29.0,15.0,32.3886,2.5,1.03654922485352,5.800000190734861,0.15,0.06666666666666654
"Venezuela, RB",VEN,2015,0.16,0.321734,100.0,2.34,2956.0,1.9620122126223158,10.23933873545549,30.0,121.738085297504,72.584,115.0,16.4,30.081827,11.3,1.00936668395996,6.07999992370605,0.18,0.11111111111111106
"Venezuela, RB",VEN,2016,0.15,0.056591999999999996,99.4000015258789,2.3169999999999997,1587.0,1.2019310134379437,11.70231782550627,34.0,254.948534781815,72.405,121.0,21.1,29.851249,16.4,0.989773406982422,5.32000017166138,0.16,0.06250000000000006
"Venezuela, RB",VEN,2017,0.13,0.265358,99.1999969482422,2.294,-68.0,7.430848441862446,10.98089788924664,45.0,7.636113099430079,72.24600000000001,125.0,21.1,29.402479999999997,22.2,0.9715033721923829,5.050000190734861,0.15,0.13333333333333328
Vietnam,VNM,2015,0.12,47.925309999999996,99.8213043212891,2.0140000000000002,11800.0,6.67928878891428,6.102636869047821,199.0,0.631200905175718,75.11,45.0,17.4,92.677082,8.1,1.09886993408203,1.85000002384186,0.12,0.0
Vietnam,VNM,2016,0.1,55.012427,99.1999969482422,2.03,12600.0,6.21081166789992,6.57297623420622,193.0,2.66824816969083,75.172,44.0,17.3,93.640435,7.8,1.1120491790771498,1.85000002384186,0.12,0.1666666666666666
Vietnam,VNM,2017,0.09,64.852293,100.0,2.042,14100.0,6.8122456596397996,7.1554431870997,188.0,3.5202568881161898,75.241,43.0,17.1,94.600643,7.2,1.0915083312988298,1.87000000476837,0.1,0.10000000000000009
"Yemen, Rep.",YEM,2015,0.03,0.6272979999999999,67.3109283447266,4.103,-15.4448083545508,-27.994546253687503,8.57284959622791,48.0,4.1675450025147835,66.085,169.0,46.1,26.497881,43.4,1.1440753326416,13.770000457763699,0.03,0.0
"Yemen, Rep.",YEM,2016,0.03,0.39681900000000003,68.859504699707,3.9939999999999998,-561.0,-9.37512381761694,9.971495895144391,48.0,10.239833790485237,66.087,165.0,46.0,27.16821,46.1,0.936374816894531,13.4329996109009,0.03,0.0
"Yemen, Rep.",YEM,2017,0.03,0.20613099999999998,79.1999969482422,3.89,-269.85,-5.07179563883867,6.9007631733510495,48.0,6.126009205415393,66.086,164.0,45.9,27.834811,46.6,1.0108692932128902,13.296999931335401,0.03,0.0
Zambia,ZMB,2015,4.47,161.97048999999998,31.100000381469698,4.918,1582.66666666667,2.92037511217961,3.43040028706898,391.0,10.1105928909618,61.736999999999995,232.0,46.9,15.879370000000002,13.079999999999998,1.0146047973632801,10.125,4.49,0.004454342984409903
Zambia,ZMB,2016,4.32,219.927869,35.425453186035206,4.814,662.813935420472,3.77667914626731,3.40467399013052,376.0,17.8697300795268,62.464,222.0,45.6,16.363449,16.82,0.986069793701172,10.8719997406006,4.47,0.033557046979865654
Zambia,ZMB,2017,4.31,305.84727599999997,40.2999992370605,4.718,1107.51980484533,3.5043360955868197,3.48502178024575,361.0,6.57731154205652,63.043,213.0,44.3,16.853607999999998,23.34,0.987155227661133,11.630000114440902,4.32,0.002314814814814971
Zimbabwe,ZWE,2015,3.61,263.38615,33.7000007629395,3.8960000000000004,399.2,1.7798727034029902,2.67950761483742,242.0,-2.4309684238340603,59.534,480.0,42.1,13.814642000000001,25.72,1.03833992004395,4.77799987792969,4.0,0.09750000000000003
Zimbabwe,ZWE,2016,3.18,200.257465,42.561729431152294,3.804,343.01381338,0.7558692509306009,2.8064690320362002,233.0,-1.54366960054164,60.294,468.0,40.8,14.030338,27.860000000000003,1.0130967712402301,4.788000106811519,3.61,0.11911357340720215
Zimbabwe,ZWE,2017,2.74,214.137127,44.17863464355471,3.707,307.187738788,4.70949217898975,3.79564243109451,221.0,0.8939623160500741,60.812,458.0,39.9,14.236598999999998,29.7,0.989331893920898,4.78499984741211,3.18,0.1383647798742138
