"country","id","year","hiv_rate","hiv_aid","electricity","fertility","fdi","gdp_growth","gdp_per_cap_PPP","tuberculosis","inflation","life_exp","maternal_mort","infant_mort","population","undernourishment","school_enr","unemployment"
"Afghanistan","AFG",2014,0.03,2.171878,89.5,5.163,42.9752625,2.72454336394854,2.06942402167356,189,4.67399603536339,62.966,786,55.2,33.370804,24.2,1.05919708251953,11.1420001983643
"Afghanistan","AFG",2015,0.03,3.802925,71.5,4.976,169.146608,1.45131466009755,2.08730532306683,189,-0.661709164713696,63.377,701,53.2,34.413603,21.5,1.03534523010254,11.1269998550415
"Afghanistan","AFG",2016,0.04,3.658007,97.6999969482422,4.8,93.5913153,2.26031420130452,1.98111806850696,189,4.38389195513914,63.763,673,51.3,35.383028,22.2,1.02486473083496,11.1579999923706
"Afghanistan","AFG",2017,0.04,5.816563,97.6999969482422,4.633,51.533896765,2.64700320195786,2.0584002210698,189,4.9759515055383,64.13,638,49.5,36.296111,23,1.02175788879395,11.1800003051758
"Albania","ALB",2014,0.04,0.255664,99.9499969482422,1.688,1149.92798577737,1.77444885497087,11.2592675137673,16,1.62586504402607,77.813,16,8.8,2.889104,4.4,1.04108039855957,18.0499992370605
"Albania","ALB",2015,0.04,0.043836,99.9800033569336,1.677,989.578334828609,2.21872637165328,11.6589055171112,17,3.50120835492656,78.025,15,8.5,2.880703,4.7,1.05542976379395,17.1900005340576
"Albania","ALB",2016,0.04,0.014369,99.8899993896484,1.659,1044.38955485795,3.31498068405152,12.0788431361843,17,-0.367317209784628,78.194,16,8.4,2.876101,4.3,1.05553863525391,15.4200000762939
"Albania","ALB",2017,0.04,0.018378,99.8899993896484,1.638,1022.75785707377,3.80222740018748,12.7709642910053,20,2.0605984592022,78.333,15,8.4,2.873457,4.1,1.07046600341797,13.6199998855591
"Algeria","DZA",2014,0.04,0.123384,99.0870132446289,3.022,1502.20617055838,3.79999999999998,13.0032668603131,72,2.91692692067457,75.878,114,21.9,38.923688,2.9,1.18502807617188,10.210000038147
"Algeria","DZA",2015,0.04,0.277563,99.1866607666016,3.043,-537.792920921856,3.70000000000022,12.0156405282427,75,4.78444700693894,76.09,114,21.6,39.72802,2.8,1.15877838134766,11.210000038147
"Algeria","DZA",2016,0.04,0.240441,99.3502502441406,3.052,1638.26395377737,3.19999999999973,11.6243407751545,70,6.39769480268749,76.298,113,21.3,40.551398,2.8,1.13830200195313,10.1999998092651
"Algeria","DZA",2017,0.04,1.231559,99.6354904174805,3.045,1230.24345087889,1.29999999999994,11.7374012353821,70,5.59111590961673,76.499,112,20.9,41.389174,2.7,1.1176448059082,10.3330001831055
"Angola","AGO",2014,1.05,15.705811,32,5.864,3657.51466749327,4.82262756838996,8.17929782812609,370,7.28038730361125,58.776,258,60.5,26.941773,14.2,NA,7.37200021743774
"Angola","AGO",2015,0.99,15.820791,42,5.774,10028.2151626394,0.943571561325001,7.33756982204938,366,9.15037207517202,59.398,251,57.7,27.88438,14.5,1.13477958679199,7.39200019836426
"Angola","AGO",2016,0.94,29.717434,41.8131294250488,5.686,-179.51761892,-2.58004964404932,7.10322643061091,362,30.6953129934938,59.925,246,55.5,28.842482,15.4,NA,7.41200017929077
"Angola","AGO",2017,0.91,23.26746,43.0132598876953,5.6,-7397.29540918991,-0.147212941085755,7.31089658895511,359,29.8435866918797,60.379,241,53.5,29.816769,15.4,NA,7.40799999237061
"Argentina","ARG",2014,0.14,0.208493,100,2.312,5065.33554196486,-2.51261532081394,19.6837715056442,25,NA,75.913,42,10.8,42.6695,2.5,1.11459671020508,7.26999998092651
"Argentina","ARG",2015,0.14,0.879177,99.6253890991211,2.301,11758.994011286,2.73115982828944,20.1051989918165,26,NA,76.068,41,10.2,43.131966,2.5,1.11303413391113,7.52099990844727
"Argentina","ARG",2016,0.14,0.760977,99.8495788574219,2.288,3260.16434177393,-2.08032784377811,20.307870052142,27,NA,76.221,40,9.7,43.590368,2.6,1.10739181518555,8.11100006103516
"Argentina","ARG",2017,0.14,0.647892,100,2.275,11516.8614622845,2.81850297775918,23.597117752839,27,NA,76.372,39,9.2,44.044811,3.1,1.0974146270752,8.35000038146973
"Armenia","ARM",2014,0.08,3.437248,99.7099990844727,1.732,406.578406693112,3.60000000058993,10.0368898405952,57,2.98130868933673,74.273,27,13.3,2.912403,2.9,0.968659896850586,17.5
"Armenia","ARM",2015,0.09,1.044794,100,1.738,184.127986314895,3.19999999896625,9.96966485397823,50,3.73169119261695,74.467,28,12.6,2.925559,2.8,0.950036468505859,18.2600002288818
"Armenia","ARM",2016,0.09,1.98622,99.8000030517578,1.744,333.733314104601,0.199999999825991,10.7042297624759,44,-1.40360755900906,74.64,26,12,2.936147,2.8,0.945178985595703,17.6200008392334
"Armenia","ARM",2017,0.09,1.390773,99.6999969482422,1.75,250.935110239139,7.50000000164144,12.1151392902637,36,0.969553268816231,74.797,26,11.3,2.944789,3.1,0.940835189819336,17.7000007629395
"Azerbaijan","AZE",2014,0.06,6.875131,100,1.97,4430.466,2.75050702966541,17.4438782563093,76,1.3734418153318,72.022,28,24.9,9.535079,2.5,1.0605989074707,4.90999984741211
"Azerbaijan","AZE",2015,0.06,2.407412,100,1.94,4047.63,1.09397584645028,14.9384011276715,71,4.02768573742728,72.266,27,23.3,9.649341,2.5,1.06601486206055,4.96000003814697
"Azerbaijan","AZE",2016,0.05,3.109958,100,1.9,4499.666,-3.09999999999992,14.3710227410092,66,12.4433748584372,72.493,26,21.8,9.757812,2.5,1.06431739807129,5
"Azerbaijan","AZE",2017,0.05,2.568804,100,1.75,2867.487,0.199999999999804,14.1214069355591,66,12.9359184187334,72.693,26,20.3,9.854033,2.5,1.03294097900391,5
"Belarus","BLR",2014,0.23,4.895261,100,1.696,1862,1.72638485417002,19.0080610153147,51,18.1195543526734,72.9707317073171,3,3.3,9.448515,2.5,0.983041229248047,5.99399995803833
"Belarus","BLR",2015,0.23,4.998606,100,1.724,1652.3,-3.82957055828379,18.0956651782737,50,13.5344897649734,73.6243902439025,3,3.1,9.461076,2.5,0.991497802734375,5.84000015258789
"Belarus","BLR",2016,0.21,3.061737,100,1.733,1246.9,-2.52644643552364,17.7859431970966,42,11.8365807653497,73.8268292682927,3,2.9,9.469379,2.5,1.01077041625977,5.84000015258789
"Belarus","BLR",2017,0.2,4.45134,100,1.541,1276.3,2.53218350023035,18.3561007741722,37,6.0318372517779,74.1292682926829,2,2.7,9.458989,2.5,1.01965789794922,5.65000009536743
"Belize","BLZ",2014,0.61,0.184342,91.3642578125,2.489,141.09703034391,4.03769567446079,7.19008610834646,23,NA,73.782,46,13.9,0.353366,7.8,1.11552742004395,8.23999977111816
"Belize","BLZ",2015,0.59,0.959383,91.8000030517578,2.439,59.1192238981488,2.63786242183059,7.2357101776584,25,NA,74.034,43,13.2,0.360926,7.7,1.12888328552246,7.57999992370605
"Belize","BLZ",2016,0.58,0.056491,93.2223129272461,2.391,32.7334109928006,-0.0332336324360227,7.23693095940656,37,NA,74.219,39,12.5,0.368399,7.2,1.14484161376953,7
"Belize","BLZ",2017,0.56,0.054706,94.1890106201172,2.346,31.8316155013862,1.81368203309692,7.19363430990345,36,NA,74.365,36,11.8,0.375775,6.7,1.13230613708496,6.59999990463257
"Benin","BEN",2014,0.43,15.250846,34.0999984741211,5.116,405.737328599437,6.35767909791932,2.83341275279485,61,-0.548757550948147,60.345,432,64.4,10.286839,7.5,1.29595672607422,2.13299989700317
"Benin","BEN",2015,0.39,12.207355,29.6200008392334,5.047,149.755663330268,1.77815106030278,2.88682913718973,60,0.218785923536177,60.608,421,63.2,10.575962,7.3,1.32466842651367,2.00699996948242
"Benin","BEN",2016,0.34,15.175651,37.0952453613281,4.977,131.790853840786,3.33967342629693,3.00480780499086,59,-0.794050173906725,60.885,408,61.9,10.872072,7.3,1.30902282714844,1.82799994945526
"Benin","BEN",2017,0.31,16.099027,34.5,4.906,200.902719348049,5.67155546944753,3.04451715620319,58,1.76941247391975,61.174,397,60.6,11.175192,7.2,1.26646110534668,1.64400005340576
"Bhutan","BTN",2014,0.13,0.210935,91.483512878418,2.067,23.534931751976,5.77649568013724,8.66645572463658,185,8.27106093949327,70.046,214,28.5,0.719053,NA,1.05476821899414,2.63000011444092
"Bhutan","BTN",2015,0.12,1.076583,95.5307159423828,2.037,6.4509538497443,6.64223210535566,9.50065071564979,165,4.54814395082202,70.419,203,27.4,0.727885,NA,1.04233772277832,2.45000004768372
"Bhutan","BTN",2016,0.12,0.345929,99.5897903442383,2.014,11.8841623485119,8.1270335383894,10.457244384538,193,3.21988689395718,70.781,193,26.5,0.736706,NA,1.02660682678223,2.49300003051758
"Bhutan","BTN",2017,0.11,0.392942,97.6999969482422,1.994,-16.5537599525493,4.65183467529606,11.1424746724654,145,4.9550836698513,71.129,183,25.6,0.745563,NA,1.01334136962891,2.45300006866455
"Bolivia","BOL",2014,0.11,3.023214,90.0387268066406,2.947,656.56635080003,5.46056967606722,7.05682836431613,120,5.7666007457914,69.891,175,26.6,10.706517,15.5,0.959028930664063,2.01999998092651
"Bolivia","BOL",2015,0.1,5.440735,91.522819519043,2.886,554.643532297183,4.85718723248496,7.13387314496226,117,4.05961041135646,70.277,168,25.4,10.869732,14.3,0.959084396362305,3.10999989509583
"Bolivia","BOL",2016,0.1,4.202031,91.8000030517578,2.829,335.365530426077,4.26392083751466,7.49977274089787,114,3.62321431764138,70.626,161,24.3,11.031822,13.1,0.965551300048828,3.5
"Bolivia","BOL",2017,0.1,2.031201,91.8000030517578,2.777,712.474137775022,4.1952063010676,8.42369755843668,111,2.8227580554717,70.945,155,23.2,11.192853,12.5,0.975273590087891,3.65000009536743
"Botswana","BWA",2014,6.45,52.411282,59.952995300293,2.988,515.18447101724,4.14926225520414,15.7028727461301,385,4.40225309243433,66.265,160,40.1,2.088619,27.3,1.03717643737793,19.9909992218018
"Botswana","BWA",2015,6.3,47.397791,62.1300010681152,2.968,378.554181530079,-5.71768255706327,14.6395584289553,356,3.06203169580559,67.338,156,39.6,2.120716,26.4,1.03238388061523,20.5709991455078
"Botswana","BWA",2016,5.89,60.494399,64.1750564575195,2.942,142.522598297582,7.03689695063241,16.6385204979364,326,2.81495791361944,68.178,151,39.3,2.159925,27.7,NA,21.0289993286133
"Botswana","BWA",2017,5.31,50.709837,67.4000015258789,2.91,260.575129351448,4.003449739749,15.9480320233624,300,3.30828076768219,68.812,144,38.2,2.205076,28.9,NA,21.5659999847412
"Brazil","BRA",2014,0.24,2.456347,99.6502456665039,1.758,87713.98321724,0.503955740273241,15.7185649500141,43,6.32904015516142,74.745,62,14.6,202.763744,2.6,1.14858200073242,6.65999984741211
"Brazil","BRA",2015,0.23,2.186886,99.7108993530273,1.753,64738.15349444,-3.54576339347278,14.7441136344695,43,9.02990102416129,74.994,63,14.2,204.471759,2.5,1.13369972229004,8.43000030517578
"Brazil","BRA",2016,0.23,3.406777,99.6999969482422,1.747,74294.62780119,-3.2759169063211,14.256163385421,43,8.73914352329393,75.23,62,15,206.163056,2.5,1.14520278930664,11.6000003814697
"Brazil","BRA",2017,0.23,4.793967,99.8000030517578,1.739,68885.49131523,1.32286905390815,14.5246135408174,44,3.44637335032672,75.456,60,13.8,207.833825,2.5,1.15971778869629,12.8199996948242
"Burkina Faso","BFA",2014,0.29,13.032747,19.2000007629395,5.521,357.296974294135,4.32684561452976,1.69230324218467,54,-0.258089517535353,59.45,353,61.2,17.586029,12,0.873379135131836,4.18800020217896
"Burkina Faso","BFA",2015,0.15,15.087924,16.0769748687744,5.436,231.901703683869,3.9212287937935,1.71352013591224,52,0.724838981070599,59.919,343,59.6,18.110616,12,0.883661575317383,4.32100009918213
"Burkina Faso","BFA",2016,0.13,12.660948,16.641056060791,5.353,390.622353410172,5.95797670754024,1.89529506603366,51,0.441041448058759,60.354,331,58.2,18.64635,12.3,0.9111083984375,4.43400001525879
"Burkina Faso","BFA",2017,0.12,15.639754,17.2140426635742,5.271,2.57269032188177,6.20348941121868,2.04438698676758,49,1.48299897161327,60.768,320,56.7,19.193236,12.4,0.936531295776367,4.56300020217896
"Burundi","BDI",2014,0.33,18.720972,7,5.797,81.7471972345183,4.24065164368079,0.777041241495558,126,4.4053523418529,59.665,576,48.2,9.844301,NA,1.3429948425293,1.57000005245209
"Burundi","BDI",2015,0.29,20.467077,8.42765235900879,5.697,49.6228657705811,-3.9000030859375,0.841646025860003,122,5.54468891259786,60.123,568,46.2,10.160034,NA,1.30903427124023,1.60000002384186
"Burundi","BDI",2016,0.24,19.555495,9.34840965270996,5.599,0.0554203566564864,-0.600020000546493,0.796944083373075,118,5.55768961400965,60.528,558,44.4,10.488002,NA,1.28042053222656,1.5900000333786
"Burundi","BDI",2017,0.21,36.073317,9.30000019073486,5.502,0.316473449369742,0.500009998779461,0.773572858670972,114,16.0525353030392,60.898,548,42.7,10.82701,NA,1.23859619140625,1.58899998664856
"Cambodia","KHM",2014,0.09,40.852885,56.0999984741211,2.633,1853.47115809921,7.14257110074297,3.18533627228952,383,3.85568861424195,68.273,189,28.7,15.274506,9.6,1.16808219909668,0.689999997615814
"Cambodia","KHM",2015,0.09,30.035926,64.9104232788086,2.593,1822.80415125712,6.96579781454312,3.3887376383038,366,1.22393195511127,68.637,178,27.3,15.521435,8.9,1.17078483581543,0.389999985694885
"Cambodia","KHM",2016,0.08,23.95524,69.5443115234375,2.559,2475.91585365763,6.93331397294972,3.67503861980999,348,3.01913975139129,68.977,168,26,15.76629,8.5,1.10187652587891,0.720000028610229
"Cambodia","KHM",2017,0.08,26.91518,89.0699996948242,2.53,2788.08432165816,6.99690369938479,3.92837393363069,329,2.9126355737148,69.289,160,24.9,16.009413,7.7,1.07813056945801,0.140000000596046
"Cameroon","CMR",2014,1.21,33.926244,56.7999992370605,4.847,725.854540914877,5.71981814402645,3.31254006384035,220,1.8341307814992,57.083,564,59.5,22.681853,5.5,1.13279029846191,3.52999997138977
"Cameroon","CMR",2015,1.07,38.883532,58.5955924987793,4.777,694.33673487982,5.66695299105416,3.39562896070874,212,2.68598277212217,57.583,554,57,23.298376,5.4,1.16210441589355,3.55100011825562
"Cameroon","CMR",2016,1,53.339399,59.8087768554688,4.708,663.893595165465,4.53579423569734,3.52716537164694,203,0.861740257759474,58.063,538,55.2,23.926549,5.5,1.16117301940918,3.57500004768372
"Cameroon","CMR",2017,0.86,91.733124,61.0308647155762,4.639,814.458940927625,3.54117654926007,3.66511785084879,194,0.64267352185089,58.511,529,53.2,24.56607,5.6,1.10320678710938,3.59999990463257
"Chad","TCD",2014,0.4,10.654595,8.40568542480469,6.154,-675.5459154,6.89998504532166,1.6770903310444,145,1.68197313925659,52.789,1170,77.3,13.663562,29.9,1.01584831237793,1.0460000038147
"Chad","TCD",2015,0.39,7.613221,7.69999980926514,6.049,559.6420225,2.76767568484473,1.8200599087617,144,4.3771266506566,53.137,1160,75.7,14.110971,28,0.915831298828125,1.07099997997284
"Chad","TCD",2016,0.35,10.161072,9.26384735107422,5.947,244.682121,-6.25552708545281,1.66451258599391,144,-0.792440525236028,53.438,1140,74.1,14.561658,28.5,0.868468704223633,1.10399997234344
"Chad","TCD",2017,0.33,11.158988,10.8999996185303,5.846,363.3816364,-2.98869598553931,1.58703232784726,143,-1.53709962980847,53.712,1140,72.4,15.016761,29.1,0.785740432739258,1.11899995803833
"Chile","CHL",2014,0.25,NA,100,1.787,23558.0418683533,1.76673978363932,22.7866427713304,15,4.71867527854671,79.504,15,6.9,17.758969,3.1,1.00941459655762,6.65999984741211
"Chile","CHL",2015,0.26,0.010467,99.71484375,1.75,20879.1393888964,2.30376703612379,22.6985456555447,16,4.3487735321705,79.646,14,6.7,17.969356,3,1.00684837341309,6.51000022888184
"Chile","CHL",2016,0.26,0.000765,100,1.713,12328.624278076,1.71108928867041,23.4375925260305,16,3.78619355893115,79.779,13,6.5,18.209072,3.1,1.00978256225586,6.73999977111816
"Chile","CHL",2017,0.27,0.03665,99.6999969482422,1.678,6127.82099323861,1.18454470657974,24.4707036237008,17,2.18271846868523,79.909,13,6.4,18.470435,3,1.01430160522461,6.96000003814697
"Colombia","COL",2014,0.21,3.967819,97.7909393310547,1.883,16168.7017147497,4.49903000110972,13.3074245015783,31,2.89781874427855,76.322,85,13.8,46.967706,7.1,1.14544418334961,8.56999969482422
"Colombia","COL",2015,0.2,6.326994,98.186897277832,1.863,11620.5326457092,2.95590137527523,13.2657972569151,31,4.99023427513779,76.531,85,13.4,47.520667,6.5,1.15231887817383,8.30000019073486
"Colombia","COL",2016,0.2,3.378535,98.4000015258789,1.843,13857.9377208026,2.08738250162794,13.8120960563446,33,7.51429322788323,76.732,84,12.9,48.175048,6.8,1.16233703613281,8.6899995803833
"Colombia","COL",2017,0.19,1.73817,98.5,1.825,13700.8804451998,1.35936086788746,14.1713205005648,33,4.3121410323773,76.925,83,12.5,48.909844,7.1,1.14983268737793,8.86999988555908
"Comoros","COM",2014,0.01,0.624539,72.1627960205078,4.491,4.68455867518389,2.10000643830286,2.71682752451541,35,NA,63.214,293,55.8,0.75939,NA,1.04974891662598,8.14000034332275
"Comoros","COM",2015,0.01,0.478091,74.5719833374023,4.419,4.93669951044482,1.11614058271805,2.70956253991486,35,NA,63.471,285,54.4,0.777435,NA,NA,8.13599967956543
"Comoros","COM",2016,0.01,1.366358,76.9930419921875,4.347,3.56982372997207,3.3206800249451,2.86385204380798,35,NA,63.7,279,53,0.795597,NA,NA,8.10200023651123
"Comoros","COM",2017,0.01,0.833806,79.4230041503906,4.275,3.91947302500831,3.81570211280726,3.03226213308112,35,NA,63.912,273,51.5,0.81389,NA,0.994475936889648,8.08600044250488
"Congo, Dem. Rep.","COD",2014,0.35,58.113485,13.5,6.287,1499.57215249797,9.47028809714084,0.849760818562134,325,1.24303889760763,58.828,500,75,73.767445,40.7,1.10176651000977,4.46400022506714
"Congo, Dem. Rep.","COD",2015,0.33,76.733354,16.1482429504395,6.203,1165.72001030767,6.91616712035345,0.90545059935323,324,0.744198994781499,59.254,490,73,76.244532,40.1,1.07977081298828,4.46600008010864
"Congo, Dem. Rep.","COD",2016,0.3,114.437753,17.0418376922607,6.112,932.374669380907,2.39939891413687,0.96366927221216,323,2.88585107290009,59.655,481,71.1,78.78913,39.9,NA,4.47700023651123
"Congo, Dem. Rep.","COD",2017,0.28,144.979434,17.9165096282959,6.017,1047.97948255526,3.72694765333267,1.05981076228861,322,NA,60.026,473,69.1,81.398765,40.2,NA,4.46500015258789
"Congo, Rep.","COG",2014,1.83,3.449076,43.4321212768555,4.634,2887.25693211379,6.71667933273281,5.9311339160899,381,0.912139545450186,62.582,433,38.7,4.736965,31.1,NA,20.3099994659424
"Congo, Rep.","COG",2015,1.87,4.497063,44.4016494750977,4.587,4278.11836498033,-3.55058176538323,4.63974451767185,379,3.16909796750824,63.097,416,37.6,4.856093,34.1,NA,20.44700050354
"Congo, Rep.","COG",2016,1.85,5.503929,45.5083274841309,4.536,50.5743453391363,-10.7832382686521,3.83996160000024,378,3.19056179723775,63.556,397,36.6,4.980996,34.6,NA,20.5590000152588
"Congo, Rep.","COG",2017,1.86,8.734732,46.5739479064941,4.482,4416.953734,-4.38253094681009,4.23465988322969,376,0.450063823285575,63.954,378,35.6,5.110701,36,NA,20.5590000152588
"Costa Rica","CRI",2014,0.18,0.036827,99.3592910766602,1.823,3242.1497969724,3.54210987752421,16.0673307687659,12,4.51920098516958,79.398,29,7.9,4.79539,4.3,1.11772857666016,9.0600004196167
"Costa Rica","CRI",2015,0.2,0.943771,99.4098052978516,1.806,2955.52168083967,3.65208096794373,17.090796576083,11,0.801982005099592,79.565,28,7.7,4.847805,4.1,1.11297950744629,9
"Costa Rica","CRI",2016,0.22,1.743622,99.5,1.789,2620.43549061534,4.20432325178332,19.0750044670019,9.4,-0.0174788505908107,79.738,28,7.6,4.899336,3.6,1.11761138916016,8.60000038146973
"Costa Rica","CRI",2017,0.25,1.179983,99.5999984741211,1.772,2924.90699098245,4.15769896287743,20.3470347715873,9.6,1.62590692991729,79.914,27,7.5,4.949955,3.1,1.10833473205566,8.14000034332275
"Cote d'Ivoire","CIV",2014,0.63,111.752666,61.9000015258789,4.867,439.356961150901,9.37199994218834,4.31957865464426,165,0.44868207676614,55.508,676,67.3,22.647672,18.6,0.868001403808594,3.70099997520447
"Cote d'Ivoire","CIV",2015,0.55,66.245874,62.5999984741211,4.813,494.408755776341,7.1940906452612,4.65288961920098,159,1.25149954781474,56.065,658,65.7,23.226148,16.5,0.906590423583984,3.1489999294281
"Cote d'Ivoire","CIV",2016,0.52,116.050599,64.3000030517578,4.759,577.871524156215,7.17920782392478,4.72698073995015,153,0.723178457513252,56.567,636,64.4,23.822726,15.5,0.958866882324219,2.59999990463257
"Cote d'Ivoire","CIV",2017,0.43,148.164176,65.5999984741211,4.704,975.014998795493,7.35963808821695,4.83075051522678,148,0.685881065304644,57.017,617,62.9,24.437475,15,0.983680191040039,3.26999998092651
"Cuba","CUB",2014,0.19,2.16266,98.4239883422852,1.686,NA,1.04757663187654,NA,7.4,NA,78.521,39,4.6,11.306909,2.5,1.00039970397949,2.70000004768372
"Cuba","CUB",2015,0.19,7.135789,98.6834564208984,1.674,NA,4.43814195922121,NA,7.1,NA,78.561,38,4.5,11.324777,2.5,0.994875793457031,2.40000009536743
"Cuba","CUB",2016,0.18,6.400825,98.9547882080078,1.656,NA,0.513761467889907,NA,6.9,NA,78.607,37,4.4,11.335108,2.5,0.995620269775391,2
"Cuba","CUB",2017,0.18,5.057142,99.2350311279297,1.637,NA,1.80905439941586,NA,7.2,NA,78.662,36,4.3,11.339255,2.5,1.00460151672363,1.70000004768372
"Djibouti","DJI",2014,0.26,2.66682,56.618839263916,2.981,152.998238812521,7.06154324233921,4.28903424993655,337,1.34186494340156,63.171,256,56.2,0.898707,18.1,0.709867935180664,26.4750003814697
"Djibouti","DJI",2015,0.22,2.746714,57.5785636901855,2.912,143.832186404533,7.69608557567065,4.57444985165724,367,-0.847389733971994,64.136,247,54.6,0.913998,17.5,0.701320419311523,26.3250007629395
"Djibouti","DJI",2016,0.19,1.600309,58.6754455566406,2.846,159.997974353059,6.65265037178067,4.69255068910026,339,2.73841208738761,65.064,246,53.1,0.929117,16.7,0.693829574584961,26.193000793457
"Djibouti","DJI",2017,0.17,2.137876,60.2000007629395,2.785,164.929861974668,5.40309984307834,4.88520503911992,272,0.568112117084679,65.893,248,51.6,0.9441,16.4,0.695962371826172,26.0599994659424
"Dominican Republic","DOM",2014,0.34,25.616185,98.4709777832031,2.423,2385.3,7.05046368965911,13.4750111677589,54,2.99864226125217,73.003,94,28.8,10.165182,8.3,1.07558158874512,6.71999979019165
"Dominican Republic","DOM",2015,0.34,14.345627,98.5603637695313,2.405,2227.3,6.9270187716221,14.7408268674233,55,0.836746346724583,73.241,94,28.8,10.281675,7.4,1.1140535736084,7.6100001335144
"Dominican Republic","DOM",2016,0.34,16.301726,98.9000015258789,2.387,2516.1,6.65920026269582,16.1098636711409,51,1.61416607245221,73.471,94,28.8,10.397738,6.8,1.10298751831055,7.28000020980835
"Dominican Republic","DOM",2017,0.33,25.465566,100,2.367,3597.9,4.66670467732366,16.7353644228294,46,3.27955694678546,73.689,95,28.7,10.513111,6.4,1.07799812316895,5.82999992370605
"Ecuador","ECU",2014,0.16,5.315664,98.9760665893555,2.522,772.389946091118,3.78886854920833,11.7131759081751,40,3.58922016616669,75.923,65,13.7,15.951832,8.9,1.12878486633301,3.48000001907349
"Ecuador","ECU",2015,0.15,4.784781,98.8258819580078,2.499,1322.70133730748,0.0988726083462694,11.0602862685275,39,3.96664623255354,76.143,63,13.2,16.212022,9,1.07683837890625,3.61999988555908
"Ecuador","ECU",2016,0.15,2.054944,98.6999969482422,2.475,764.048868122239,-1.22638398463879,11.03426917908,40,1.72826463324535,76.365,61,12.8,16.491116,9.7,1.04934959411621,4.59999990463257
"Ecuador","ECU",2017,0.14,1.340758,99.1999969482422,2.451,629.512412259199,2.36838652633651,11.6179122190573,43,0.417335588666803,76.584,59,12.4,16.785356,10.7,1.03534942626953,3.83999991416931
"Egypt, Arab Rep.","EGY",2014,0.02,0.435427,99.8000030517578,3.441,4612.2,2.91591187883586,10.8959431672625,15,10.0702154687482,71.117,39,20.5,90.424668,4.6,1.03871536254883,13.1000003814697
"Egypt, Arab Rep.","EGY",2015,0.02,0.734937,99.3000030517578,3.436,6925.2,4.37201907940117,11.5124021442637,15,10.370490343517,71.302,39,19.8,92.442549,4.4,NA,13.0500001907349
"Egypt, Arab Rep.","EGY",2016,0.02,0.387603,100,3.41,8106.8,4.34664345337812,11.1923730101321,14,13.8136062148289,71.482,38,19.1,94.447071,4.6,1.05393577575684,12.4099998474121
"Egypt, Arab Rep.","EGY",2017,0.03,0.742059,100,3.37,7408.7,4.18122100091018,11.0144864791744,13,29.5066083940039,71.656,37,18.5,96.44259,4.9,1.0613346862793,11.7399997711182
"El Salvador","SLV",2014,0.21,1.242908,95.1254196166992,2.126,506.29597034993,1.71070994462703,7.2331952211983,44,1.1413446753823,72.175,49,13.8,6.295124,10.6,1.06275810241699,4.15000009536743
"El Salvador","SLV",2015,0.2,7.875217,95.4000015258789,2.101,494.541718092298,2.39897313327137,7.59768917351694,48,-0.731384487387986,72.412,48,13.3,6.325121,10.6,1.02657569885254,4
"El Salvador","SLV",2016,0.18,4.395057,96,2.079,479.469380713821,2.54592608601685,8.03862979428837,60,0.604049086996682,72.644,47,12.8,6.356137,9.9,0.998004531860352,4.42000007629395
"El Salvador","SLV",2017,0.17,7.044874,96.8000030517578,2.059,503.801415183001,2.2466700387793,8.45405216690571,72,1.01235403315573,72.872,46,12.3,6.388124,9.1,0.961506423950195,4.3899998664856
"Eritrea","ERI",2014,0.12,19.200793,44.828311920166,4.273,46.511,NA,NA,119,NA,64.201,530,34.9,NA,NA,0.798505477905273,5.6729998588562
"Eritrea","ERI",2015,0.11,3.808131,46.0322418212891,4.217,49.323,NA,NA,102,NA,64.664,518,34,NA,NA,0.76161003112793,5.82800006866455
"Eritrea","ERI",2016,0.1,8.967911,47.2480392456055,4.164,52.305,NA,NA,108,NA,65.111,498,33.1,NA,NA,NA,5.90199995040894
"Eritrea","ERI",2017,0.09,7.439496,48.4727439880371,4.112,55.468,NA,NA,99,NA,65.538,480,32.2,NA,NA,0.684745178222656,5.94299983978271
"Eswatini","SWZ",2014,13.52,44.956088,65,3.097,25.7826351713071,0.923230547144357,8.79829399019978,855,5.68134885776449,53.569,434,50.1,1.095022,13.4,1.20723121643066,23.9659996032715
"Eswatini","SWZ",2015,11.81,41.301314,64.0124130249023,3.065,31.498094370293,2.22748067532406,8.81300878153511,648,4.95124493704917,55.359,435,45.2,1.104038,12.8,1.19215377807617,23.3290004730225
"Eswatini","SWZ",2016,10.17,74.285002,63.4300003051758,3.041,26.8520776519874,1.06261019342853,8.70584316961283,537,7.84727459085681,56.962,436,42.6,1.113994,13,1.16795013427734,22.7199993133545
"Eswatini","SWZ",2017,8.64,80.568699,73.5,3.018,-57.6475933929901,2.0265781557498,8.40803591539676,502,6.22137528933114,58.319,437,43.5,1.124808,12.4,1.15160140991211,22.7530002593994
"Ethiopia","ETH",2014,0.22,283.899837,27.2000007629395,4.675,1855.05215364106,10.2574929610051,1.51370323628954,207,6.89001951597192,64.547,472,45.2,98.094264,17.8,0.992527618408203,2.26200008392334
"Ethiopia","ETH",2015,0.2,237.75628,29,4.565,2626.517918313,10.3924630202334,1.65734470426365,192,9.56889955968618,65.048,446,43.2,100.835453,14.8,1.00971488952637,2.2739999294281
"Ethiopia","ETH",2016,0.19,263.904687,42.9000015258789,4.456,4142.93749646329,9.43348265784402,1.87881268193814,177,6.62813337230929,65.482,422,41.3,103.603461,13.8,NA,2.28800010681152
"Ethiopia","ETH",2017,0.17,241.377174,44.2999992370605,4.35,4017.15956465434,9.56418964295607,2.02156290796009,164,10.6817295464484,65.872,401,39.5,106.399926,14,NA,2.29900002479553
"Fiji","FJI",2014,0.11,0.358008,93.7866058349609,2.795,377.869372267012,5.6035148874531,11.3469457863033,55,0.519306474579103,67.03,36,20.3,0.866447,5.2,NA,4.28999996185303
"Fiji","FJI",2015,0.12,0.660858,95.1682434082031,2.8,205.373209116505,4.50119939222793,12.4123506858719,52,1.37488542621447,67.103,35,20.6,0.868632,6.4,1.06716461181641,4.29500007629395
"Fiji","FJI",2016,0.13,0.542359,96.5617446899414,2.797,391.619655400882,2.44565200769968,12.6319122008691,45,3.86322538221274,67.175,34,21.1,0.872406,6.3,1.06438888549805,4.32000017166138
"Fiji","FJI",2017,0.14,0.165301,96,2.788,387.602565305446,5.35336493706966,13.4293006222384,51,3.34757834757835,67.252,34,21.5,0.87746,6.3,NA,4.27799987792969
"Gabon","GAB",2014,1.08,0.919646,86.9643096923828,4.083,1263.10904712989,4.31496444107469,15.3709679935145,541,4.69045751826283,64.318,267,37.2,1.883801,14.7,NA,20.5729999542236
"Gabon","GAB",2015,0.96,0.713389,87.3768615722656,4.064,41.7077023264655,3.8788993950789,14.6995360478349,537,-0.338795188753357,64.913,261,36.1,1.94769,13.9,NA,20.613000869751
"Gabon","GAB",2016,0.78,0.712651,88.2038269042969,4.039,1243.66016,2.09144220829562,14.2861897045921,533,2.1067071278405,65.418,256,34.6,2.007882,15,NA,20.6690006256104
"Gabon","GAB",2017,0.69,0.77599,86.2699966430664,4.008,1314.02933,0.472642030911146,15.0068440374987,529,2.65192583143898,65.839,252,33.7,2.064812,16,NA,20.7210006713867
"Gambia, The","GMB",2014,1.07,6.916779,52.9337272644043,5.437,23.0140920424561,-1.40738249510954,2.02703635591229,175,5.94799935696623,60.667,637,40.9,2.024037,11.9,0.867409896850586,9.50300025939941
"Gambia, The","GMB",2015,1.03,4.162023,54.5619888305664,5.39,71.9760517034138,4.0580738039996,2.06685935860117,173,6.80845494579613,60.91,625,39.7,2.08586,11.3,0.900451278686523,9.46700000762939
"Gambia, The","GMB",2016,1.03,3.995661,56.3274078369141,5.338,69.830172212844,1.94335965478776,2.06874780128011,170,7.22879272057922,61.166,611,38.6,2.149134,11.7,0.920222091674805,9.4980001449585
"Gambia, The","GMB",2017,1,4.608439,56.2000007629395,5.281,64.3385160351372,4.8226112492757,2.07264683284207,166,8.0341897454591,61.44,597,37.5,2.2139,11.9,0.952371063232422,9.48499965667725
"Georgia","GEO",2014,0.15,6.861238,100,2.034,1836.87904283,4.43192482309078,11.575547210705,106,3.06881210379542,72.707,29,9.7,3.719414,6.6,1.04272811889648,17.4400005340576
"Georgia","GEO",2015,0.16,8.4989,100,2.05,1735.2853919,3.02220738019703,12.0891694050447,99,4.00357820695098,72.973,27,9.4,3.725276,8.1,1.02753471374512,16.5100002288818
"Georgia","GEO",2016,0.16,4.193991,100,2.059,1659.81999332,2.90643878002064,12.8584834001898,92,2.13492713939124,73.207,26,9.1,3.727505,8.3,1.00343948364258,16.6000003814697
"Georgia","GEO",2017,0.16,5.788347,100,2.062,1920.62829325,4.84260322496586,13.5897073915159,86,6.03531725272117,73.414,25,8.8,3.728004,8.3,1.00358306884766,13.9399995803833
"Ghana","GHA",2014,0.86,22.290016,78.3000030517578,4.095,3363.38944444444,2.85624016330883,5.56823595709396,165,15.4896160333319,62.416,325,40.2,27.22448,7.4,1.04587448120117,6.52400016784668
"Ghana","GHA",2015,0.84,35.264026,74.0788421630859,4.041,3192.3205307897,2.12075933817334,5.20602887134007,160,17.1499695007878,62.772,320,38.8,27.849203,7.7,1.08337890625,6.80999994277954
"Ghana","GHA",2016,0.82,33.2876,79.3000030517578,3.984,3485.33336927964,3.37346574966936,4.99273033905348,156,17.4546347070868,63.124,314,37.4,28.481947,7.6,1.06727966308594,5.52699995040894
"Ghana","GHA",2017,0.78,58.58005,79,3.926,3254.99,8.12889488100956,5.11590675022862,152,12.3719215507048,63.463,308,36.2,29.121464,7.1,1.05509880065918,4.21999979019165
"Guatemala","GTM",2014,0.07,11.107215,85.4943695068359,3.088,1407.55528,4.44397758285268,7.75849316980639,25,3.41836169662962,72.935,107,24.6,15.306316,17.7,1.02580741882324,2.72000002861023
"Guatemala","GTM",2015,0.07,12.058248,90.520622253418,3.029,1203.35508,4.09217081621244,8.19444068126819,26,2.38872032839552,73.25,103,23.7,15.567419,17.3,1.01512687683105,2.50999999046326
"Guatemala","GTM",2016,0.06,10.602343,91.8155822753906,2.973,845.78656,2.67780255532826,8.22174642722194,24,4.44844199942824,73.541,98,22.9,15.82769,16.4,1.00812301635742,2.57999992370605
"Guatemala","GTM",2017,0.06,8.199505,93.3000030517578,2.92,998.34447,3.07985149125689,8.32221680991504,25,4.42453655182543,73.81,95,22.2,16.087418,16.3,1.01194892883301,2.46000003814697
"Guinea-Bissau","GNB",2014,1.41,2.253782,17.2000007629395,4.783,28.8527276882278,0.96456075098132,1.37823754028997,361,-1.50924460570499,56.556,711,62.1,1.692433,NA,NA,5.80299997329712
"Guinea-Bissau","GNB",2015,1.35,0.729552,20.0531539916992,4.708,18.5754994478127,6.13408294113292,1.59720425429364,361,1.47672048910484,56.959,694,60,1.737207,NA,NA,5.86999988555908
"Guinea-Bissau","GNB",2016,1.3,5.67915,22.9687919616699,4.631,14.2217,6.26280563780463,1.74675274593369,361,1.5031205586109,57.328,679,58.1,1.782434,NA,NA,5.95100021362305
"Guinea-Bissau","GNB",2017,1.18,4.50128,26,4.553,15.6911979520896,5.91917662586047,1.92523773659951,361,1.69111461822295,57.673,667,56.3,1.828146,NA,NA,5.98600006103516
"Guinea","GIN",2014,0.65,11.118023,33.3531188964844,5.013,-73.7586036635933,3.69654184325657,1.80454328262549,177,7.07202121016676,59.016,767,69.5,11.15097,NA,0.927637405395508,4.89599990844727
"Guinea","GIN",2015,0.65,12.838403,34.7451210021973,4.933,53.2724584212994,3.82592166670138,1.81936234274976,177,10.8206821245734,59.598,699,68.4,11.432096,NA,NA,4.9229998588562
"Guinea","GIN",2016,0.61,22.561021,33.5,4.854,1618.44726026485,10.8206214375736,2.07864100321761,176,8.17211696321603,60.17,621,67.1,11.738434,NA,0.915091705322266,4.88000011444092
"Guinea","GIN",2017,0.59,14.03963,35.4000015258789,4.777,577.59,10.3000004937957,2.41780379491483,176,8.91452597036354,60.706,576,66,12.067516,NA,NA,4.91400003433228
"Guyana","GUY",2014,0.53,8.715192,86.9000015258789,2.558,237.75004855,1.68602773214108,10.9517932372614,89,0.852630497539925,69.049,174,28.1,0.763371,6.1,NA,12.923999786377
"Guyana","GUY",2015,0.51,5.901201,88.0038375854492,2.534,137.7,0.687521210092171,11.1983011463181,93,-1.00173432776379,69.262,172,27.4,0.767433,6.7,NA,13.2119998931885
"Guyana","GUY",2016,0.5,5.908728,89.1703567504883,2.509,162.654036352959,3.8079188370272,11.2967699725276,94,0.836008061506297,69.454,170,26.6,0.771363,6.3,NA,13.46399974823
"Guyana","GUY",2017,0.49,5.452052,90.2958145141602,2.485,327.34365121783,3.73437406053053,12.0054051046745,84,1.90465615515582,69.624,169,25.9,0.775218,6,NA,13.746000289917
"Haiti","HTI",2014,0.73,127.153953,39.496410369873,3.159,99,1.72256560196277,2.96547903286886,200,3.43816659958603,62.069,492,54.1,10.549007,46.4,NA,13.951000213623
"Haiti","HTI",2015,0.69,97.581163,40.8362846374512,3.098,105.68,2.5625088349003,2.8986246609269,194,6.73184069659,62.485,488,52.8,10.69554,46.1,NA,13.9619998931885
"Haiti","HTI",2016,0.66,90.636015,40.4000015258789,3.041,104.9,1.81246807847532,3.08403383445855,188,11.5029073942667,62.896,489,51.5,10.839976,46.7,NA,13.9250001907349
"Haiti","HTI",2017,0.59,87.035527,43.7492713928223,2.986,374.855,2.51027134544685,3.15329938869996,181,10.6800887242583,63.29,480,50.3,10.982367,48,NA,13.8769998550415
"Honduras","HND",2014,0.08,7.115066,88.6537704467773,2.635,1704.79071003868,3.0580805621437,4.4525879909675,39,6.12924930313027,74.278,68,17.1,8.955579,14.6,0.91943489074707,7.07999992370605
"Honduras","HND",2015,0.08,5.471933,89.9817123413086,2.581,1316.67982733597,3.84007997093951,4.82339539552507,40,3.15783117980921,74.495,67,16.5,9.112904,14.5,0.927776412963867,6.15000009536743
"Honduras","HND",2016,0.08,9.258729,91.5999984741211,2.536,1147.03044999683,3.89297219726413,5.1472451332568,39,2.72461223295292,74.701,65,16,9.270794,13.8,0.925846862792969,6.73000001907349
"Honduras","HND",2017,0.08,5.049204,86.5,2.496,949.955941517779,4.84291391050387,5.56199454219124,37,3.93436084442035,74.898,65,15.4,9.429016,13.2,0.915349578857422,5.53000020980835
"India","IND",2014,0.06,79.550325,83.8724975585938,2.333,34576.6436941383,7.41022760508854,5.23388234251319,223,6.64950015146925,68.286,166,36.9,1295.600768,14.9,1.07864410400391,5.43599987030029
"India","IND",2015,0.06,161.208377,88,2.295,44009.4921295319,7.99625378571471,5.46485917800941,217,4.90697344127255,68.607,158,34.9,1310.152392,14.7,1.08485229492188,5.43499994277954
"India","IND",2016,0.05,62.931942,89.2177963256836,2.266,44458.571545798,8.25630550179086,5.83986481675337,211,4.94821634062141,68.897,150,33.1,1324.51725,14.2,1.1453832244873,5.4229998588562
"India","IND",2017,0.05,24.518785,92.1249465942383,2.243,39966.0913587384,6.79538341897911,6.18292210857444,204,3.32817337461299,69.165,145,31.4,1338.676779,13.8,1.12957862854004,5.35799980163574
"Indonesia","IDN",2014,0.16,46.772908,97.0100021362305,2.413,25120.7320595134,5.006668425755,10.2781773057998,329,6.39492540819922,70.481,199,24.1,255.128076,7.7,1.06073402404785,4.05000019073486
"Indonesia","IDN",2015,0.15,40.181509,97.5373687744141,2.389,19779.1279769576,4.87632230022123,10.2472063381531,325,6.36312113115614,70.768,192,23.2,258.383257,7,1.05960243225098,4.51000022888184
"Indonesia","IDN",2016,0.14,40.075677,97.620002746582,2.362,4541.71373923769,5.03306918280177,10.4944738000481,322,3.5258051568793,71.035,184,22.4,261.556386,6.8,1.05609878540039,4.30000019073486
"Indonesia","IDN",2017,0.13,80.392084,98.1399993896484,2.336,20510.3108324469,5.06978590134916,10.9356317158256,319,3.80879806953163,71.282,177,21.6,264.650969,6.4,1.05911430358887,3.88000011444092
"Iran, Islamic Rep.","IRN",2014,0.04,7.015649,100,1.993,2105.494,4.60341887988656,15.2357016903585,16,16.6065532357449,75.502,17,13.8,77.465769,4.9,1.07553031921387,10.6800003051758
"Iran, Islamic Rep.","IRN",2015,0.03,6.597988,99.9599990844727,2.041,2050,-1.32064511973016,13.5884688130805,16,12.4846815611533,75.796,17,13.3,78.492208,4.7,1.08900703430176,11.1700000762939
"Iran, Islamic Rep.","IRN",2016,0.03,4.084913,99.9499969482422,2.083,3372,13.3962426157509,14.0115497101713,15,7.24542548952983,76.047,16,12.8,79.563991,4.9,1.11235572814941,12.6199998855591
"Iran, Islamic Rep.","IRN",2017,0.03,4.786986,99.9400024414063,2.116,5019,3.75519645191902,14.5358735778483,14,8.04492437660281,76.271,16,12.4,80.673888,5.2,1.10707542419434,12.2299995422363
"Jamaica","JAM",2014,0.63,5.024879,93.3000030517578,2.047,582.148741614112,0.689822357374339,8.54510283669967,3.7,8.27407886231415,74.042,78,13.8,2.875137,9.7,NA,13.7399997711182
"Jamaica","JAM",2015,0.62,6.965693,94.9000015258789,2.026,924.977863710038,0.92148712538031,8.79205695694686,4.5,3.69154228855723,74.098,78,13.4,2.891024,9.6,NA,13.5100002288818
"Jamaica","JAM",2016,0.61,9.745042,96.7379837036133,2.009,927.976718982491,1.37522306445538,9.19415673929581,4.4,2.35102197485846,74.175,80,13,2.906242,9.3,NA,13.1899995803833
"Jamaica","JAM",2017,0.6,11.68033,97.6095809936523,1.993,888.835228478601,0.997123062335191,9.60010474580389,5.2,4.3783986499156,74.267,80,12.6,2.920848,8.8,NA,11.6300001144409
"Jordan","JOR",2014,0.01,0.07245,99.7484970092773,3.196,2178.45070422535,3.38407809933472,9.18104637245796,5.4,2.89947905006047,73.969,49,15.4,8.918822,7.2,0.794986267089844,11.8999996185303
"Jordan","JOR",2015,0.01,NA,99.8981704711914,3.071,1600.28169014085,2.49652879315188,9.46468224216374,5.7,-0.876851359704022,74.078,48,15,9.266573,6.3,NA,13.0799999237061
"Jordan","JOR",2016,0.01,NA,99.9588241577148,2.954,1552.95774647887,1.9941808493012,9.44591686299562,5.4,-0.778430463054117,74.184,47,14.6,9.554286,7.1,0.78560417175293,15.2799997329712
"Jordan","JOR",2017,0.01,0.015927,100,2.849,2029.71830985915,2.08711455126291,10.0035749827297,6.7,3.32389447576096,74.292,46,14.1,9.78584,7.7,0.80770866394043,18.1399993896484
"Kazakhstan","KAZ",2014,0.12,0.676641,100,2.73,7308.11264425121,4.20000000063038,24.7264728671586,91,6.70657829092725,71.44,13,11.6,17.288285,2.5,1.12534408569336,5.05999994277954
"Kazakhstan","KAZ",2015,0.14,4.55405,100,2.74,6577.824049679,1.19999999976802,23.2241178353573,81,6.6657761154154,71.97,12,10.6,17.542806,2.5,1.11640083312988,4.92999982833862
"Kazakhstan","KAZ",2016,0.16,1.991447,100,2.77,17220.9625479215,1.09999999990164,23.8188248260141,73,14.5460237946149,72.41,10,9.8,17.794055,2.5,1.09885208129883,4.96000003814697
"Kazakhstan","KAZ",2017,0.17,2.688886,100,2.75,4712.63147052606,4.10000000033854,24.8629661245889,69,7.44000437325754,72.95,10,9.4,18.037776,2.6,1.08747756958008,4.90000009536743
"Kenya","KEN",2014,1.37,504.732301,36,3.879,820.934459324974,5.02011100232484,3.35764164087167,423,6.87815499275946,64.135,358,36.4,46.700063,20.9,1.05753410339355,2.79500007629395
"Kenya","KEN",2015,1.18,463.218492,41.5999984741211,3.765,619.719962285828,4.96772112759767,3.68304191069911,380,6.58217440250398,64.798,353,35.2,47.878339,21.5,1.03661567687988,2.77699995040894
"Kenya","KEN",2016,1.03,537.540569,53.0999984741211,3.663,678.803416953924,4.21351706814744,3.930893857889,348,6.29715752456274,65.393,346,34.4,49.051531,23.2,1.03205337524414,2.75999999046326
"Kenya","KEN",2017,0.93,559.89675,55.9764099121094,3.572,1266.13728266311,3.81550642712519,4.20358501078548,319,8.0057227913467,65.909,342,33.7,50.221146,24.6,NA,3.51300001144409
"Kyrgyz Republic","KGZ",2014,0.11,6.335443,99.8000030517578,3.2,343.0107,4.02403862576861,4.28182407398556,126,7.53424729775882,70.4024390243902,69,20.9,5.8355,7.6,1.05817451477051,8.05000019073486
"Kyrgyz Republic","KGZ",2015,0.11,7.149148,98.6900024414063,3.2,1144.054,3.87582544821402,4.21482950886186,136,6.50331838993381,70.6512195121951,66,19.9,5.9569,8,1.0541007232666,7.55999994277954
"Kyrgyz Republic","KGZ",2016,0.11,3.208374,99.7099990844727,3.1,619.2207,4.33585591715968,4.68117473284248,133,0.388838296895887,70.9512195121951,63,18.9,6.0795,7.9,1.04601470947266,7.21000003814697
"Kyrgyz Republic","KGZ",2017,0.11,0.703965,100,3,-107.2128,4.73993722539466,5.04669153549095,124,3.1753098637994,71.2,60,18,6.1982,7.7,1.07042427062988,6.8899998664856
"Lao PDR","LAO",2014,0.16,7.534799,83.1340408325195,2.847,867.646121708671,7.61196344074379,5.87374929676345,189,4.12924306873775,66.144,223,43.8,6.639763,9,1.18075180053711,0.763000011444092
"Lao PDR","LAO",2015,0.15,5.840475,89.6999969482422,2.796,1077.75991458895,7.27006584339864,6.16848130240193,182,1.27735427102986,66.546,209,42.1,6.74116,6.7,1.13965599060059,0.777999997138977
"Lao PDR","LAO",2016,0.15,5.425875,90.5495300292969,2.751,935.296172783645,7.02283625501138,6.84355958300796,175,1.59691227583204,66.924,196,40.5,6.845848,5.9,1.09651756286621,0.791999995708466
"Lao PDR","LAO",2017,0.14,4.501071,93.5999984741211,2.709,1693.08081093877,6.8925308726989,7.25781210698745,168,0.82547860756813,67.277,185,39.1,6.953031,5.6,1.06017402648926,0.805000007152557
"Lebanon","LBN",2014,0.03,0.168166,99.4823226928711,2.091,2862.5094266,2.45365957192232,15.0292750434859,12,1.85460421340917,78.732,28,7.4,6.261046,9.6,NA,8.80900001525879
"Lebanon","LBN",2015,0.03,0.187131,99.5831756591797,2.103,2159.2899517,0.581709756533684,15.1059569116377,12,-3.74914524799635,78.768,29,7.1,6.532681,5.9,NA,9.31700038909912
"Lebanon","LBN",2016,0.03,0.126154,99.7256240844727,2.104,2568.4850711,1.58205455056178,15.5355046481724,11,-0.783359624361543,78.8,29,6.8,6.714281,6.2,NA,9.78299999237061
"Lebanon","LBN",2017,0.03,0.044591,99.8798294067383,2.097,2522.4096534,0.782014000829008,16.0430606967963,10,4.32135218303198,78.833,29,6.6,6.819373,6.7,NA,10.2740001678467
"Lesotho","LSO",2014,9.84,45.868545,27.7999992370605,3.235,94.4590593645602,1.7105440042256,2.80417866694461,853,5.37028961008588,49.891,579,71.9,2.043448,20.8,1.16585823059082,24.2210006713867
"Lesotho","LSO",2015,8.95,41.395089,31.6773338317871,3.218,206.514459900398,3.12755772382955,3.07739783427095,780,3.21844513655931,51.038,574,72.6,2.059011,29.9,1.16634521484375,23.8409996032715
"Lesotho","LSO",2016,7.92,48.622271,35.071590423584,3.197,79.2345489131339,3.58836459667835,2.99028370292122,721,6.59650490696543,52.059,559,72.9,2.075041,28.3,1.17695266723633,23.4750003814697
"Lesotho","LSO",2017,6.83,64.564642,33.7000007629395,3.171,42.1687841137567,-3.14194994562207,2.66829142526247,681,4.44769937376299,52.947,544,73.1,2.091532,26,1.20897499084473,23.2000007629395
"Liberia","LBR",2014,0.51,7.198821,9.39999961853027,4.621,501.870828620424,0.701393100287518,1.41782928617835,308,9.86111285574915,61.723,688,66,4.359508,37.2,0.97422492980957,2.07999992370605
"Liberia","LBR",2015,0.45,8.597657,15.161735534668,4.54,232.679832473779,-0.0185649695590939,1.31246276613004,308,7.74869687621311,62.269,691,64.4,4.472229,36.4,0.953327102661133,2.07999992370605
"Liberia","LBR",2016,0.42,8.172441,17.7000007629395,4.461,311.699760322875,-1.5549586174878,1.42979208229377,308,8.83424868336493,62.802,661,63.1,4.586788,36.4,0.894702072143555,3.07999992370605
"Liberia","LBR",2017,0.38,6.542837,24.2000007629395,4.387,247.84298301405,2.45515592012239,1.56419768164013,308,12.4196323907137,63.295,661,62,4.702224,36.6,0.851091918945313,3.04900002479553
"Libya","LBY",2014,0.04,0.028173,75.0388031005859,2.392,0,-24.000000034478,14.3030129938786,40,NA,71.981,63,11.8,6.362039,NA,NA,19.4629993438721
"Libya","LBY",2015,0.04,NA,73.4285736083984,2.356,0,-8.8620393625491,12.2200234015984,40,NA,72.121,70,11.4,6.418315,NA,NA,19.5310001373291
"Libya","LBY",2016,0.04,0.016248,71.8302230834961,2.317,0,-2.79546888990187,11.1087236834015,40,NA,72.311,73,11,6.49216,NA,NA,19.5279998779297
"Libya","LBY",2017,0.04,0.002983,70.2407684326172,2.277,0,26.6809026327981,13.2380005389502,40,NA,72.52,72,10.6,6.580723,NA,NA,19.371000289917
"Madagascar","MDG",2014,0.17,3.73897,22.2350730895996,4.302,372.872463262776,3.33920311287621,1.55582248042838,233,6.08040811088296,65.133,378,42.3,23.589897,37.6,1.45247863769531,1.38999998569489
"Madagascar","MDG",2015,0.19,3.422489,23.0059337615967,4.241,328.05930556932,3.13229807257076,1.54683722027581,233,7.40419174202125,65.539,363,41.3,24.23408,40.2,1.47314193725586,1.78999996185303
"Madagascar","MDG",2016,0.2,6.112214,22.8999996185303,4.184,540.842779829334,3.99314606412389,1.60666740538551,233,6.03575858154682,65.931,348,40.3,24.89437,41.6,1.43824188232422,1.80499994754791
"Madagascar","MDG",2017,0.21,6.348344,24.1000003814697,4.13,464.856589648809,3.93330759454741,1.5844245185911,233,8.60905075422951,66.311,335,39.3,25.570511,42.3,NA,1.82299995422363
"Malawi","MWI",2014,2.79,155.266952,11.8999996185303,4.666,598.086538121966,5.70000000410388,1.53093075354758,228,23.7920649469687,61.042,381,39.2,16.28955,16.1,1.47395782470703,5.89799976348877
"Malawi","MWI",2015,2.49,154.733913,10.8000001907349,4.527,287.746689246669,2.80000000006831,1.44573511225774,197,21.8673475542553,61.953,370,36.7,16.745305,16,1.46396820068359,5.86399984359741
"Malawi","MWI",2016,2.21,122.256784,11,4.407,115.7,2.48404062523817,1.4543589410317,176,21.7111132136499,62.681,358,34.6,17.205253,16.1,1.44532943725586,5.81699991226196
"Malawi","MWI",2017,1.88,122.046463,12.6999998092651,4.302,90.2,4.00003051707549,1.47214686847702,162,11.543393918877,63.279,349,32.8,17.670193,16.5,1.45488876342773,5.76000022888184
"Malaysia","MYS",2014,0.17,2.739557,99.6509399414063,2.074,10619.4315829781,6.00672194558203,24.6076687337619,93,3.14299050879107,75.268,30,6.8,29.866606,3.4,1.04361366271973,2.88000011444092
"Malaysia","MYS",2015,0.16,1.132565,99.7788162231445,2.056,9857.16211182329,5.09153242155011,24.8018884320151,90,2.10438980238344,75.461,30,6.9,30.270965,3.8,1.03818672180176,3.09999990463257
"Malaysia","MYS",2016,0.16,1.039609,99.9000015258789,2.037,13470.089920807,4.44978139761541,25.5461295181653,94,2.09056659525745,75.649,29,7,30.684652,3.5,1.04999183654785,3.44000005722046
"Malaysia","MYS",2017,0.15,0.591357,99.9524841308594,2.019,9368.46982266146,5.81272240983328,26.6615074160333,94,3.8712011577424,75.828,29,7.1,31.104655,3.4,1.05291603088379,3.41000008583069
"Mali","MLI",2014,0.42,32.201756,34.113338470459,6.231,144.023010605531,7.08468388056527,1.91530447153208,58,0.883814547137822,57.036,642,68.7,16.934213,4.9,0.770761108398438,6.38000011444092
"Mali","MLI",2015,0.39,17.739614,37.5999984741211,6.145,275.414752965424,6.17180002424978,2.03265587188008,57,1.45069057605958,57.509,620,66.8,17.438772,5,0.756831817626953,7.73000001907349
"Mali","MLI",2016,0.36,23.681301,38.7898216247559,6.057,356.234602718246,5.85229919941415,2.18900662171156,56,-1.79964707083376,57.987,590,65.1,17.965448,5.3,0.771702575683594,7.57000017166138
"Mali","MLI",2017,0.33,24.357142,34.7799987792969,5.968,559.362392099868,5.30545608438166,2.24679742084484,55,1.75985742927153,58.452,562,63.4,18.512429,6.3,0.801707763671875,7.40999984741211
"Mauritius","MUS",2014,0.85,1.848567,99.38037109375,1.43,455.5621518,3.74457577745544,18.4880467911726,13,3.21769191994683,74.1943902439024,70,12.9,1.260934,5.3,1.02447341918945,7.46999979019165
"Mauritius","MUS",2015,0.81,0.348982,99.3616104125977,1.36,216.4551883,3.5530717035885,19.2298354887212,13,1.28654970760235,74.3531707317073,73,12.8,1.262605,5.6,1.02920539855957,7.40999984741211
"Mauritius","MUS",2016,0.8,0.469436,99.4800109863281,1.4,378.7644323,3.83793265409193,20.7012189720364,12,0.977675134719017,74.3948780487805,67,12.8,1.263473,5.7,1.02453407287598,6.80999994277954
"Mauritius","MUS",2017,0.8,2.194398,99.6100006103516,1.44,479.9958903,3.81415210844426,21.4151161096211,12,3.66699702675917,74.5146341463415,61,13.2,1.264613,5.9,1.01525238037109,6.75
"Mexico","MEX",2014,0.16,0.654037,99.1729278564453,2.243,28657.288892,2.84977325490688,18.0567898061476,22,4.01861608078673,74.908,38,14.4,120.355137,4.4,1.08005752563477,4.80999994277954
"Mexico","MEX",2015,0.16,0.085941,99,2.215,35818.480439,3.29315152833387,18.3015004690469,22,2.7206406496403,74.904,36,13.9,121.858251,5,1.06606109619141,4.30999994277954
"Mexico","MEX",2016,0.16,0.01804,99.5,2.186,38884.161053,2.63053242455089,19.3236658689896,22,2.82170784747653,74.917,34,13.5,123.333379,5.8,1.06277732849121,3.85999989509583
"Mexico","MEX",2017,0.16,0.019516,100,2.157,33170.534975,2.11312913549695,19.7212609759241,23,6.04145724018992,74.947,33,13,124.777326,6.1,1.05770011901855,3.42000007629395
"Moldova","MDA",2014,0.33,8.464787,100,1.265,345.9,4.99962566891807,8.82705410758548,115,5.08878554625878,71.267,23,13.7,2.85695,NA,1.07439750671387,3.73000001907349
"Moldova","MDA",2015,0.31,0.811828,100,1.261,225.87,-0.338235324459944,9.25484860512976,102,9.67624033101868,71.478,22,13.6,2.83453,NA,1.05689743041992,4.69999980926514
"Moldova","MDA",2016,0.28,4.15874,100,1.259,87.44,4.40888672378215,10.6104778427993,101,6.35930898037935,71.617,20,13.3,2.80217,NA,1.0437663269043,4.01999998092651
"Moldova","MDA",2017,0.27,4.248885,99.9800033569336,1.259,149.52,4.69079339018722,11.6513174546862,95,6.57022997455603,71.717,19,13.1,2.755158,NA,1.03542449951172,4.09999990463257
"Mongolia","MNG",2014,0.02,0.906945,87.0788269042969,2.894,337.768268083172,7.88522548151936,11.0562985279189,428,12.2539808129759,68.863,49,17.4,2.940111,11.5,1.01334823608398,4.80000019073486
"Mongolia","MNG",2015,0.02,2.178673,88.4001770019531,2.918,94.3197674741563,2.37983580688504,10.6482739820507,428,5.72687224669603,69.111,47,16.6,2.998433,8.4,1.00362373352051,4.8600001335144
"Mongolia","MNG",2016,0.01,1.251507,89.8384094238281,2.923,-4156.40470377687,1.48978448504865,10.7374861306932,428,0.742300726059404,69.321,46,15.9,3.056358,7.4,1.02969802856445,7.23999977111816
"Mongolia","MNG",2017,0.01,1.792851,92.512565612793,2.914,1494.35036346922,5.63687638962695,11.3663039371032,428,4.3107625408578,69.509,45,15.1,3.113788,6.3,1.02934089660645,6.3600001335144
"Morocco","MAR",2014,0.04,8.416033,91.5999984741211,2.552,3525.38461243801,2.66949392694423,6.60960910787755,101,0.442310053557078,75.477,76,21.3,34.192358,4.1,1.09957611083984,9.69999980926514
"Morocco","MAR",2015,0.03,1.878744,97.3000030517578,2.524,3252.91390235666,4.53637816806425,7.02496308902663,102,1.55790711346266,75.726,74,20.2,34.663608,3.8,1.09523971557617,9.46000003814697
"Morocco","MAR",2016,0.03,6.020766,97.8000030517578,2.489,2153.36390493515,1.05985639008179,7.11300459986287,103,1.63531114327061,75.974,72,19.1,35.126274,3.8,1.10395782470703,9.30000019073486
"Morocco","MAR",2017,0.03,4.704495,100,2.451,2680.10985621237,4.25460327324099,7.31205677903856,100,0.754663249323633,76.218,70,18.2,35.581257,3.7,1.12402160644531,9.24199962615967
"Mozambique","MOZ",2014,5.46,312.428945,24.7999992370605,5.131,4998.79933435621,7.39851279713864,1.13905178224398,361,2.55974875844296,56.062,339,63,26.286192,25.7,1.07598022460938,3.38299989700317
"Mozambique","MOZ",2015,5.11,210.71952,24,5.062,3868.35388495,6.72327878035819,1.29126803368146,361,3.55075967356746,57.206,318,61.3,27.042001,29.7,1.0862914276123,3.4300000667572
"Mozambique","MOZ",2016,4.78,331.523175,26.2465209960938,4.992,3128.1499287,3.82421431921188,1.36367495320137,361,17.4180418197597,58.309,301,59.4,27.82993,31.5,1.08646560668945,3.44700002670288
"Mozambique","MOZ",2017,4.36,402.008652,24.2999992370605,4.922,2319.07197147682,3.74131759312564,1.28365986980986,361,15.1132073899385,59.309,289,57.5,28.649007,31.4,1.07813247680664,3.45099997520447
"Namibia","NAM",2014,4.16,78.756713,48.728515625,3.577,445.582247859427,6.09251915977956,10.467228042144,674,5.35016966859592,61.425,223,34,2.273426,23.6,NA,18.5200004577637
"Namibia","NAM",2015,4.11,57.546445,51.5999984741211,3.54,838.87906271593,4.26417453763675,10.633294417575,639,3.39401538410559,62.119,217,33.3,2.314901,21,NA,20.9109992980957
"Namibia","NAM",2016,3.79,63.315813,49.7000007629395,3.496,358.727049605925,0.0337944502063294,10.4271217565842,604,6.72858234593346,62.625,207,32.8,2.358044,20.2,NA,23.3500003814697
"Namibia","NAM",2017,3.66,88.383541,52.5,3.447,280.476974998847,-1.02725082701774,10.1714214953612,565,6.14579981111162,63.021,195,32.2,2.402623,20,1.24179168701172,21.6389999389648
"Nepal","NPL",2014,0.05,12.289847,84.9000015258789,2.176,30.402676784735,6.01148284250441,2.94731648725396,276,8.36415469659556,69.168,231,30.5,26.905982,6.4,1.43247894287109,2.94400000572205
"Nepal","NPL",2015,0.05,15.549698,82.5239562988281,2.098,51.8956999282915,3.97605327162971,2.99622046186766,268,7.86890895590905,69.515,236,29.2,27.015033,5.3,1.44177673339844,3.09999990463257
"Nepal","NPL",2016,0.04,12.318534,90.6999969482422,2.027,105.996375590659,0.433113719381524,2.98967500637537,260,8.79034332004629,69.848,200,27.8,27.26343,4.5,1.44488845825195,2.86800003051758
"Nepal","NPL",2017,0.04,16.835428,87.8963470458984,1.967,196.265098563575,8.97727935643466,3.56519780740052,253,3.62709610696609,70.169,186,26.6,27.632682,4.2,1.43919540405273,3.31800007820129
"Nicaragua","NIC",2014,0.13,5.678601,81.8530731201172,2.503,1076.8,4.78584705943099,4.9416997020079,54,6.03596861798431,73.429,103,17.3,6.142734,18.7,NA,4.51999998092651
"Nicaragua","NIC",2015,0.12,4.860716,83.2493286132813,2.48,967,4.79208628219105,5.29387046224287,50,3.99737996694398,73.649,101,16.6,6.223234,19,NA,4.69999980926514
"Nicaragua","NIC",2016,0.12,12.320881,84.6401138305664,2.455,989.1,4.56295442923394,5.69405428740789,46,3.52317317628476,73.86,100,16,6.30397,18,NA,3.90000009536743
"Nicaragua","NIC",2017,0.12,7.348053,85.9898376464844,2.43,1035.4,4.63253398090997,6.00401408757341,44,3.85067166284725,74.068,98,15.4,6.384843,17.6,NA,3.29999995231628
"Niger","NER",2014,0.06,4.213031,15.7705421447754,7.245,822.967023299916,6.64213665404844,1.14251686453172,98,-0.930287259984461,60.07,573,53.4,19.240182,NA,0.695759735107422,0.519999980926514
"Niger","NER",2015,0.07,6.456266,16.6000003814697,7.169,529.476871090612,4.39264883201906,1.14530940196903,95,-0.576090369833086,60.631,555,51.8,20.001663,NA,0.715959091186523,0.529999971389771
"Niger","NER",2016,0.06,4.749809,17.271520614624,7.087,301.332480592526,5.74089315058157,1.15333968949334,93,1.65388922387803,61.137,530,50.4,20.788789,NA,0.734323272705078,0.533999979496002
"Niger","NER",2017,0.06,7.338256,18.0495262145996,7.001,338.71071013916,5.00135994506591,1.16322617020833,90,2.7963731887128,61.599,509,49.1,21.602388,NA,0.74736198425293,0.541999995708466
"Nigeria","NGA",2014,0.55,404.469218,54.0482292175293,5.653,4693.82863189583,6.30971865572383,5.50716949454144,219,8.06248582444999,52.672,943,80.1,176.404931,9.3,0.901035537719727,4.55999994277954
"Nigeria","NGA",2015,0.53,310.68122,52.5,5.592,3064.16890445333,2.65269329541835,5.42633278732294,219,9.00938718326781,53.112,931,79.3,181.137454,9.2,NA,4.30999994277954
"Nigeria","NGA",2016,0.51,323.844093,59.2999992370605,5.526,3453.2584079848,-1.61686894991816,5.23467912691071,219,15.6753405526234,53.541,925,78.3,185.960244,9.4,0.847256393432617,7.05999994277954
"Nigeria","NGA",2017,0.49,343.549243,54.4000015258789,5.457,2412.97491623264,0.805886619542704,5.19035612668836,219,16.5235399802169,53.95,917,77.1,190.873247,10,NA,8.39000034332275
"Pakistan","PAK",2014,0.09,8.034472,71.224739074707,3.708,1887,4.67470798143725,4.23863386740085,270,7.18938402847025,66.36,161,63.8,195.305012,13.9,0.843074722290039,1.83000004291534
"Pakistan","PAK",2015,0.1,17.72161,71.3815460205078,3.66,1673,4.73114747532901,4.37301447488222,270,2.52932817254226,66.577,154,62.1,199.426953,12.8,0.850899200439453,3.5699999332428
"Pakistan","PAK",2016,0.1,10.651087,71.5502243041992,3.612,2576,5.52673584474448,4.4100065649467,268,3.76511916356584,66.77,143,60.5,203.631356,12.4,0.913174591064453,3.77900004386902
"Pakistan","PAK",2017,0.1,12.424219,70.7900009155273,3.562,2496,5.55427743729406,4.57120507840804,267,4.08537368032604,66.947,140,58.9,207.90621,12.1,0.905891723632813,3.91599988937378
"Panama","PAN",2014,0.47,0.968107,91.436637878418,2.564,4984.4,5.06661313008863,22.8974026269576,47,2.62652699929154,77.583,60,15.1,3.901311,8.3,0.99135368347168,2.70700001716614
"Panama","PAN",2015,0.47,0.062103,92.2947692871094,2.54,5119.3,5.73269026026031,25.3192166879602,52,0.137492058461537,77.776,58,14.6,3.96849,8.1,0.960771331787109,2.97699999809265
"Panama","PAN",2016,0.47,0.004413,93.1647720336914,2.514,5248.35445021,4.95343493687773,27.8285557137667,56,0.739734025300028,77.964,55,14.1,4.037073,7.8,0.931219787597656,3.26300001144409
"Panama","PAN",2017,0.46,0.098346,93.6999969482422,2.487,4082.06246894,5.59132827378306,30.4468495664097,57,0.875585918759888,78.149,52,13.7,4.106764,7.5,0.94385986328125,3.85899996757507
"Papua New Guinea","PNG",2014,0.38,81.944956,40.0504913330078,3.758,29.4369639060112,13.5437706216546,3.7615234315663,432,5.22211720226844,63.181,155,41.2,7.946733,23.8,NA,2.375
"Papua New Guinea","PNG",2015,0.39,47.803971,42.8782196044922,3.707,213.710099392465,6.57835632304275,3.9667707103884,432,5.99595778127105,63.466,151,40.2,8.107772,25,NA,2.4760000705719
"Papua New Guinea","PNG",2016,0.4,50.618009,49.4000015258789,3.657,19.1804929562101,5.48957315278187,4.14460363173213,432,6.67372881355933,63.744,148,39.3,8.271766,25.2,1.08545860290527,2.48399996757507
"Papua New Guinea","PNG",2017,0.4,20.013357,54.4000015258789,3.61,161.470622807911,3.53461081750459,4.28562875648139,432,5.42204568023833,64.01,145,38.2,8.438038,25.1,NA,2.50699996948242
"Paraguay","PRY",2014,0.16,4.070305,99.0007171630859,2.542,549.69,5.30123859237025,11.4544288765968,39,5.02882767456758,73.473,135,19.6,6.599524,7.4,NA,5.03000020980835
"Paraguay","PRY",2015,0.16,2.796471,99.3315353393555,2.508,480.4691144,2.95715173487106,11.4865231905557,40,3.12900274473924,73.662,132,19,6.688746,7.4,NA,4.55999994277954
"Paraguay","PRY",2016,0.15,2.057823,98.4000015258789,2.479,492.76251132961,4.26802583314583,12.0417235427806,41,4.08682280577242,73.836,130,18.4,6.777878,7.7,NA,5.25
"Paraguay","PRY",2017,0.14,2.1787,99.3000030517578,2.453,744.619762899364,4.81007885554041,12.590548443655,43,3.60247741348939,73.992,129,17.8,6.867058,7.8,NA,4.6100001335144
"Peru","PER",2014,0.12,3.636694,92.9199905395508,2.355,3929.94291015745,2.38215737180541,11.5102788763872,125,3.4119457980747,75.529,96,12.7,30.090372,5.4,1.01135673522949,3.21000003814697
"Peru","PER",2015,0.12,1.154995,93.852180480957,2.323,8313.96679451777,3.25224477218451,11.5723207931902,122,3.39809194746299,75.792,94,12.2,30.470739,5.9,1.00236846923828,3.26999998092651
"Peru","PER",2016,0.13,4.480885,94.1999969482422,2.297,6739.05185818016,3.95331871520767,12.0133773897006,120,3.55717663556283,76.044,91,11.7,30.926036,6.9,1.03060279846191,3.74000000953674
"Peru","PER",2017,0.13,3.962372,94.8000030517578,2.275,6860.49281949823,2.51883544233135,12.5065293750586,119,2.99490045809443,76.286,88,11.2,31.444299,7.6,1.03519569396973,3.69000005722046
"Philippines","PHL",2014,0.09,3.180495,89.7203674316406,2.894,5739.57402413183,6.3479874825028,6.96090071577639,546,3.59782343864207,70.481,131,23.7,100.513137,13.8,1.13053520202637,3.59999990463257
"Philippines","PHL",2015,0.1,3.978549,89.0800018310547,2.805,5639.15596187389,6.3483097167198,7.18676928044539,550,0.674192536845412,70.644,127,23.4,102.113206,13.3,1.12250930786133,3.0699999332428
"Philippines","PHL",2016,0.1,3.185731,92.0665054321289,2.718,8279.54827488501,7.1494567495987,7.70376227526107,554,1.25369880080983,70.802,124,23,103.663812,12.1,1.10173927307129,2.70000004768372
"Philippines","PHL",2017,0.12,8.395678,93,2.64,10256.4423988834,6.93098832586378,8.12086879330973,554,2.85318772590942,70.952,121,22.6,105.172921,10.9,1.07509773254395,2.54999995231628
"Rwanda","RWA",2014,0.6,190.374802,19.7999992370605,4.197,313.997162787606,6.16716670064956,1.7066729870342,65,2.35449052820364,66.884,291,35.7,11.083629,35.1,1.4038752746582,1.16999995708466
"Rwanda","RWA",2015,0.53,118.507816,22.7999992370605,4.157,162.083820997161,8.85684435529079,1.80454995234223,61,2.52850284192422,67.45,275,34.6,11.369066,35.3,1.39624359130859,1.14800000190735
"Rwanda","RWA",2016,0.51,111.47344,29.3700008392334,4.123,279.747327598381,5.97074429808526,1.88237238004371,62,7.17434301982013,67.93,260,33.7,11.668829,34.8,1.41278686523438,1.14400005340576
"Rwanda","RWA",2017,0.45,115.695664,34.0999984741211,4.088,274.025990659944,3.97628969448469,1.97524866113275,58,8.27953672260826,68.341,248,32.9,11.98096,34.5,1.3768180847168,1.13699996471405
"Senegal","SEN",2014,0.11,15.215952,61,4.905,403.098056387863,6.22407443790986,2.83069730880355,125,-1.09025507446894,66.37,364,36.2,14.17474,11.2,0.855735015869141,7.64599990844727
"Senegal","SEN",2015,0.1,15.519855,60.5,4.841,409.16612581491,6.36704365066983,2.97134681699748,123,0.135211933635241,66.747,346,34.7,14.57845,9.8,0.849339828491211,6.76000022888184
"Senegal","SEN",2016,0.09,12.586217,64.5,4.77,472.409799846776,6.35606857181878,3.07593735141524,122,0.837284942557418,67.078,330,33.3,14.993514,8.9,NA,4.46000003814697
"Senegal","SEN",2017,0.09,14.024465,61.7000007629395,4.697,588.292997958708,7.4074861863013,3.20390636811769,120,1.31815314847782,67.38,315,32,15.419354,7.9,NA,3.69000005722046
"Serbia","SRB",2014,0.02,1.321562,99.6607971191406,1.46,1999.53918745685,-1.58951031990257,14.6595795098857,23,2.08244793880151,75.3365853658537,12,5.7,7.130576,3.7,1.01131156921387,19.2199993133545
"Serbia","SRB",2015,0.02,0.01388,99.9000015258789,1.46,2343.13973574773,1.80605926509682,14.9284670387167,21,1.39235822000187,75.2878048780488,13,5.4,7.095383,4.1,1.01342918395996,17.6599998474121
"Serbia","SRB",2016,0.02,0.160083,100,1.46,2355.21463694215,3.33858676542988,15.8580962718127,19,1.12231397417765,75.6878048780488,12,5.2,7.058322,4.2,1.00571273803711,15.2600002288818
"Serbia","SRB",2017,0.02,0.07712,100,1.49,2894.61596523761,2.10116384741241,16.611023740948,19,3.13106248590119,75.5390243902439,12,5.1,7.020858,4,1.00312927246094,13.4799995422363
"Sierra Leone","SLE",2014,0.94,17.743365,18.6660308837891,4.672,375.089628512418,4.55677236615293,1.78764683702698,310,4.64546204670158,52.372,1190,95.6,7.017153,25,NA,4.67999982833862
"Sierra Leone","SLE",2015,0.9,6.325249,19.5345363616943,4.561,252.435829433901,-20.5987707154032,1.58668975408666,307,6.69367927894743,52.941,1180,95.1,7.171909,25.8,1.16099128723145,4.74200010299683
"Sierra Leone","SLE",2016,0.87,14.053081,20.2999992370605,4.457,138.509469264081,6.05547402877262,1.59661879942553,304,10.8832858622475,53.444,1120,89.7,7.328846,25.4,1.18246780395508,4.66300010681152
"Sierra Leone","SLE",2017,0.83,16.35443,23.3999996185303,4.359,413.724476112752,4.19261007429208,1.63373073779599,301,18.2198091957714,53.895,1120,87.3,7.488427,26.2,1.24476287841797,4.66300010681152
"Somalia","SOM",2014,0.03,5.995246,51.2936363220215,6.462,261,7.50710003887016,0.93104272114061,274,NA,55.509,878,85.9,13.423571,65.7,NA,18.9300003051758
"Somalia","SOM",2015,0.02,6.48518,51.1348609924316,6.363,303,14.895301418612,1.08288587894515,274,NA,55.92,855,83.6,13.797204,60.3,NA,18.9029998779297
"Somalia","SOM",2016,0.02,8.384192,51.1132354736328,6.265,330,8.39934578091814,1.13554299817583,270,NA,56.324,865,81.4,14.185635,57.8,NA,18.8889999389648
"Somalia","SOM",2017,0.02,7.950505,52.0999984741211,6.168,369,2.59256022341189,1.07911244268258,266,NA,56.709,829,79.1,14.589165,58.7,NA,18.8819999694824
"South Africa","ZAF",2014,7.23,588.786498,85.9000015258789,2.511,5791.65902009998,1.41382645223793,13.602102642918,1070,6.12983770287145,61.968,128,29.4,54.544184,4.8,1.02704963684082,24.8899993896484
"South Africa","ZAF",2015,6.65,336.188759,85.3000030517578,2.484,1521.13994530532,1.32186223678229,13.7019453895081,988,4.54064227737914,62.649,125,28.6,55.386369,5.2,1.05570388793945,25.1499996185303
"South Africa","ZAF",2016,6.27,468.610393,83.9000015258789,2.457,2215.30702039541,0.664552307858116,13.7484614158257,805,6.57139642173959,63.153,122,28,56.207649,5.4,1.03184959411621,26.5400009155273
"South Africa","ZAF",2017,5.91,529.703844,84.4000015258789,2.43,2058.57991105235,1.15794695181735,13.8602701664709,738,5.18424664766131,63.538,119,27.6,57.009751,5.5,1.00864730834961,27.0400009155273
"South Sudan","SSD",2014,1.39,15.987497,4.09718370437622,5.022,1.03582573,3.37364847715736,1.49550975414434,227,1.67429906295517,56.552,1140,63.3,10.554882,NA,NA,12.1879997253418
"South Sudan","SSD",2015,1.36,26.858177,4.60133981704712,4.937,0.15,-10.7933646271143,1.23472557564895,227,52.7663304192143,56.855,1110,63.3,10.715657,NA,0.729899063110352,12.2749996185303
"South Sudan","SSD",2016,1.37,14.770674,5.1173677444458,4.855,-7.85,NA,NA,227,379.999585624026,57.12,1130,63.3,10.83252,NA,NA,12.2950000762939
"South Sudan","SSD",2017,1.35,38.959556,4.19999980926514,4.775,1.42,NA,NA,227,187.851630279442,57.365,1150,63.3,10.910774,NA,NA,12.253999710083
"Sri Lanka","LKA",2014,0.01,1.214529,92.660514831543,2.216,893.628980287065,4.96070059169729,11.2568560497537,65,3.17900228236063,76.147,36,7.9,20.778,8.1,1.01359657287598,4.19000005722046
"Sri Lanka","LKA",2015,0.01,0.294209,94.3518676757813,2.213,679.655644244789,5.00768330472783,11.5574870517689,65,3.76836783062094,76.316,36,7.5,20.97,6.8,1.01661468505859,4.51999998092651
"Sri Lanka","LKA",2016,0.01,2.24937,97.5,2.211,897.049375883533,4.48663453096836,12.2242157651465,65,3.95888846593072,76.482,36,7.1,21.203,6.3,1.0147403717041,4.23999977111816
"Sri Lanka","LKA",2017,0.01,2.545432,97.5,2.206,1372.72304313402,3.5781696792194,12.5841047924776,64,7.70413767850603,76.648,36,6.7,21.444,5.9,1.00632713317871,4.05000019073486
"Sudan","SDN",2014,0.1,11.817648,44.9000015258789,4.656,1251.28088937784,4.66137954229873,4.42744859014333,94,36.9066427863594,64.169,333,46.3,37.977657,11,0.722675628662109,17.4309997558594
"Sudan","SDN",2015,0.1,5.812004,46.9031066894531,4.594,1728.37340343067,1.91017689052751,4.43447499467788,88,16.9095706050979,64.429,320,45.2,38.902948,11.2,0.731459732055664,17.4899997711182
"Sudan","SDN",2016,0.1,12.598668,48.8494033813477,4.532,1063.76753533587,3.46764218409288,4.75705714578161,82,17.7502538311959,64.663,308,44.1,39.847433,11.8,0.759073715209961,17.5200004577637
"Sudan","SDN",2017,0.09,4.353959,50.7547187805176,4.469,1065.29848141867,0.70925628476644,4.59885002570756,77,32.3516260968437,64.881,295,43,40.813398,11.8,0.768160629272461,17.5330009460449
"Suriname","SUR",2014,0.41,0.009084,94.3376312255859,2.519,-59.6731380841934,0.255503031645475,17.2610755848226,33,3.38341272749479,71.133,124,18.6,0.553278,7.6,1.13331192016602,6.94000005722046
"Suriname","SUR",2015,0.38,1.237357,94.8952331542969,2.494,183.66585269756,-3.41109601307089,17.2102703419313,32,6.89390359168242,71.249,122,18.2,0.559136,7.7,1.1580362701416,7.21999979019165
"Suriname","SUR",2016,0.36,0.019428,95.8163146972656,2.469,231.666845653766,-4.91578646874108,15.0624412909026,25,55.4123879763194,71.358,121,17.7,0.564883,8.2,1.15546989440918,7.92000007629395
"Suriname","SUR",2017,0.33,0.039844,96.6963348388672,2.443,96.0755547414537,1.56719106520956,18.2836883894232,28,21.9969430173304,71.463,120,17.2,0.570501,8.4,1.10557518005371,7.90399980545044
"Syrian Arab Republic","SYR",2014,0,1.322174,89.9754943847656,3.005,NA,-10.310339909053,NA,23,NA,69.821,30,27.7,18.710711,NA,NA,8.7209997177124
"Syrian Arab Republic","SYR",2015,0,0.027195,89.8164291381836,2.94,NA,-3.18728129711911,NA,20,NA,69.908,30,25.6,17.997411,NA,NA,8.71199989318848
"Syrian Arab Republic","SYR",2016,0,0.579467,89.6692352294922,2.889,NA,-5.63043804992256,NA,22,NA,70.315,30,25,17.465567,NA,NA,8.72500038146973
"Syrian Arab Republic","SYR",2017,0,NA,89.5309448242188,2.847,NA,-0.727486723592449,NA,20,NA,70.967,31,18.8,17.095669,NA,NA,8.7519998550415
"Tajikistan","TJK",2014,0.17,5.502809,98.9646224975586,3.621,326.59381,6.70000069016253,3.30309819685826,91,6.10442765129665,69.874,19,33.4,8.252828,NA,0.982789993286133,8.22999954223633
"Tajikistan","TJK",2015,0.15,5.235473,98,3.623,454.01232,5.99999926409104,3.1504271143731,86,5.71455949649708,70.137,18,32.6,8.454019,NA,0.976087875366211,7.55399990081787
"Tajikistan","TJK",2016,0.14,8.068047,99.2083129882813,3.618,241.61626720903,6.89999961998744,3.11489555778582,85,6.00458082322154,70.397,17,31.8,8.663575,NA,0.979857330322266,6.90000009536743
"Tajikistan","TJK",2017,0.13,8.401546,99.3000030517578,3.606,185.827080700795,7.100001403137,3.25293265536068,85,NA,70.647,17,30.9,8.88027,NA,1.00857437133789,6.9539999961853
"Tanzania","TZA",2014,2.18,442.724913,23.5,5.146,1416.088064811,6.73246186832483,2.24359245177191,327,6.13161432988016,62.288,574,41.9,49.960563,25.3,0.867884979248047,2.11999988555908
"Tanzania","TZA",2015,2.08,269.912218,26.1706371307373,5.079,1506.024896011,6.16062877406682,2.34844349707706,306,5.58816952959301,63.111,556,40.9,51.482638,24.4,0.846794662475586,2.14299988746643
"Tanzania","TZA",2016,1.99,436.711415,32.7999992370605,5.015,864.04,6.86711619644551,2.47933409975074,287,5.17476629301494,63.844,539,39.7,53.049231,24.1,0.852978591918945,2.15799999237061
"Tanzania","TZA",2017,1.83,482.209483,32.2511749267578,4.953,937.7,6.78568011405198,2.530603317381,269,5.31871605228923,64.479,524,38.2,54.660345,24.1,0.892176818847656,2.17700004577637
"Thailand","THA",2014,0.17,25.536809,99.4619445800781,1.538,4975.4556604459,0.984468863619426,15.4802107903621,167,1.89514181898783,75.747,38,9.7,68.438748,7.7,1.02110877990723,0.579999983310699
"Thailand","THA",2015,0.16,2.237107,99.5999984741211,1.538,8927.57918216217,3.13404724911635,15.8223709934811,163,-0.900424963291544,76.091,38,9.3,68.714519,7.3,1.00650863647461,0.600000023841858
"Thailand","THA",2016,0.14,1.752862,99.8499603271484,1.537,3486.18439030069,3.43515771692182,16.6161950047178,160,0.188149704448173,76.403,37,8.9,68.971313,7.5,1.00757530212402,0.689999997615814
"Thailand","THA",2017,0.13,1.217359,99.9000015258789,1.532,8285.16981969135,4.1776810321001,17.4229523512059,156,0.66563189313507,76.683,37,8.5,69.209817,7.7,0.996250305175781,0.829999983310699
"Timor-Leste","TLS",2014,0.09,3.561806,62.4426078796387,4.292,33.905491522696,4.51203965442753,2.72104196769099,498,0.848838206293416,68.197,168,44.3,1.174333,26.8,1.27843559265137,4.21000003814697
"Timor-Leste","TLS",2015,0.09,0.776545,67.2815322875977,4.219,42.9955,2.76107911021018,2.91273638111955,498,0.646148614181263,68.459,160,42.8,1.196294,24.5,1.28213912963867,4.44600009918213
"Timor-Leste","TLS",2016,0.1,1.152419,76.5,4.156,5.4787,3.38530654893876,3.1305907130077,498,-1.46984287886469,68.735,152,41.4,1.219289,24.1,1.25721252441406,4.65999984741211
"Timor-Leste","TLS",2017,0.1,1.599702,79.7789611816406,4.093,6.715937467148,-3.07109976075395,3.17748513651044,498,0.522976680384116,69.007,142,40.1,1.24326,24,1.19765129089355,4.76000022888184
"Togo","TGO",2014,0.77,12.45173,45.7000007629395,4.585,54.020342354686,5.92058857323032,1.32838029110687,58,0.190875076249778,59.58,401,52.2,7.137997,20.4,1.23945831298828,2.14499998092651
"Togo","TGO",2015,0.76,8.722107,44.647590637207,4.516,257.860036464441,5.74286845286585,1.39733240170021,52,2.5839052698704,59.927,398,50.8,7.323162,20.9,1.28044006347656,2.20000004768372
"Togo","TGO",2016,0.69,1.905168,46.7650108337402,4.449,-46.3083316178517,5.55907930535146,1.95420357349429,46,1.28524660824512,60.22,395,49.4,7.509952,21.6,1.25107147216797,2.96600008010864
"Togo","TGO",2017,0.65,15.131634,48,4.384,88.5586995022234,4.34774823822544,2.01224069260973,41,-0.980289495517403,60.489,396,48.1,7.698476,21.2,1.24350967407227,3.74000000953674
"Tunisia","TUN",2014,0.03,1.26134,99.8000030517578,2.252,1024.75444357724,2.70660856640758,11.024809216739,35,4.62555099534024,75.734,46,14.9,11.063195,2.7,1.13333618164063,15.0570001602173
"Tunisia","TUN",2015,0.03,0.698986,99.9000015258789,2.251,970.521888740203,1.00018078425357,10.8250874479973,38,4.437371273215,75.922,46,14.8,11.179951,2.5,1.1455493927002,15.1599998474121
"Tunisia","TUN",2016,0.03,0.738944,100,2.238,622.569482161979,1.11742585685852,10.9936254811499,38,3.62939937384383,76.115,45,14.7,11.303942,2.5,1.1492017364502,15.5600004196167
"Tunisia","TUN",2017,0.03,2.950757,100,2.219,810.936482841998,2.24420096790901,11.2344897248596,34,5.30884839565841,76.31,43,14.7,11.433438,2.5,1.15649612426758,15.3299999237061
"Uganda","UGA",2014,2.24,317.864189,20.3999996185303,5.547,1058.56454034685,5.10630732429082,2.08840733058904,202,3.07467760632835,60.669,394,40.6,36.91153,NA,NA,1.90600001811981
"Uganda","UGA",2015,1.99,300.708205,18.5,5.394,737.652140151428,5.18785986254728,2.12874495548916,202,5.41000419560863,61.373,387,38.9,38.225447,NA,1.02648399353027,1.91100001335144
"Uganda","UGA",2016,1.85,387.837311,26.7000007629395,5.242,625.704361867068,4.78100029144677,2.0924755658992,201,5.44575878373994,61.986,381,37.3,39.649173,NA,1.04000663757324,1.91999995708466
"Uganda","UGA",2017,1.64,389.226207,32.5211524963379,5.095,802.704141008568,3.13140551785879,2.07465243576542,201,5.64093192245177,62.516,375,35.7,41.166588,NA,1.02704711914063,1.932000041008
"Ukraine","UKR",2014,0.25,52.553186,100,1.498,847,-10.0788949842281,10.7435863638157,94,12.0718562874252,71.1865853658537,24,8.4,45.272155,2.5,0.990409393310547,9.27000045776367
"Ukraine","UKR",2015,0.25,25.973763,100,1.506,-198,-9.77298721103519,10.1643273340852,91,48.6998646434423,71.189512195122,21,8.1,45.154036,2.5,NA,9.14000034332275
"Ukraine","UKR",2016,0.26,22.998513,100,1.466,4128,2.4409819445784,11.148196546631,87,13.9127101997796,71.4763414634146,20,7.9,45.004673,2.5,NA,9.35000038146973
"Ukraine","UKR",2017,0.25,32.575319,100,1.374,3680,2.35997228099491,11.8605609298492,84,14.4383227488749,71.7809756097561,19,7.6,44.831135,2.5,NA,9.5
"Uruguay","URY",2014,0.17,0.429276,99.6570816040039,2.002,4085.22762674537,3.23879121744656,20.0936240651453,29,8.87735333229828,77.244,17,8,3.400439,2.5,1.11333351135254,6.55000019073486
"Uruguay","URY",2015,0.17,0.050371,99.7094802856445,1.997,2673.04133941286,0.370741265001499,20.2175604365641,30,8.66626987079337,77.369,18,7.6,3.412013,2.5,1.11040481567383,7.48999977111816
"Uruguay","URY",2016,0.18,0.034255,99.6999969482422,1.991,-515.650304781666,1.68979816429228,22.4543948288087,30,9.63941347635073,77.498,18,7.2,3.424139,2.5,1.09707778930664,7.84000015258789
"Uruguay","URY",2017,0.18,0.013343,99.8000030517578,1.983,2686.50935342749,1.62775397322494,23.0098742286911,31,6.21809382561863,77.632,17,6.8,3.436645,2.5,1.08459442138672,7.8899998664856
"Uzbekistan","UZB",2014,0.17,7.814539,100,2.457,808.675996570486,6.87383844082959,6.49485994090064,82,NA,70.671,30,18.6,30.7577,2.5,0.984744720458984,5.09999990463257
"Uzbekistan","UZB",2015,0.16,4.16588,100,2.491,1041.19929109393,7.21877350826054,6.68018470067684,79,NA,70.928,30,17.3,31.2989,2.5,0.999319305419922,5.19999980926514
"Uzbekistan","UZB",2016,0.15,9.30242,100,2.455,1662.58680703259,5.93215079992144,6.79690489209483,76,NA,71.171,29,16.1,31.8479,2.5,1.01572486877441,5.19999980926514
"Uzbekistan","UZB",2017,0.14,9.117009,100,2.419,1797.34143565381,4.39527463345708,6.84070986001705,73,NA,71.388,29,15,32.3886,2.5,1.03654922485352,5.80000019073486
"Venezuela, RB","VEN",2014,0.18,0.214313,100,2.365,1135,-3.89438647450662,NA,27,62.168649979483,72.762,113,15.4,30.042973,5,1.01340713500977,6.86399984359741
"Venezuela, RB","VEN",2015,0.16,0.321734,100,2.34,2956,NA,NA,30,121.738085297504,72.584,115,16.4,30.081827,11.3,1.00936668395996,6.07999992370605
"Venezuela, RB","VEN",2016,0.15,0.056592,99.4000015258789,2.317,1587,NA,NA,34,254.948534781815,72.405,121,21.1,29.851249,16.4,0.989773406982422,5.32000017166138
"Venezuela, RB","VEN",2017,0.13,0.265358,99.1999969482422,2.294,-68,NA,NA,45,NA,72.246,125,21.1,29.40248,22.2,0.971503372192383,5.05000019073486
"Vietnam","VNM",2014,0.12,59.465649,99.1999969482422,1.996,9200,5.98365463697851,5.74520525351342,205,4.08455446637622,75.056,45,17.6,91.71385,8.5,1.10329627990723,1.25999999046326
"Vietnam","VNM",2015,0.12,47.92531,99.8213043212891,2.014,11800,6.67928878891428,6.10263686904782,199,0.631200905175718,75.11,45,17.4,92.677082,8.1,1.09886993408203,1.85000002384186
"Vietnam","VNM",2016,0.1,55.012427,99.1999969482422,2.03,12600,6.21081166789992,6.57297623420622,193,2.66824816969083,75.172,44,17.3,93.640435,7.8,1.11204917907715,1.85000002384186
"Vietnam","VNM",2017,0.09,64.852293,100,2.042,14100,6.8122456596398,7.1554431870997,188,3.52025688811619,75.241,43,17.1,94.600643,7.2,1.09150833129883,1.87000000476837
"Yemen, Rep.","YEM",2014,0.03,0.607334,66.0999984741211,4.214,-233.104668580815,-0.188573712158529,NA,48,8.10472583623948,66.066,174,45.4,25.823488,38.6,NA,13.4700002670288
"Yemen, Rep.","YEM",2015,0.03,0.627298,67.3109283447266,4.103,-15.4448083545508,-27.9945462536875,NA,48,NA,66.085,169,46.1,26.497881,43.4,NA,13.7700004577637
"Yemen, Rep.","YEM",2016,0.03,0.396819,68.859504699707,3.994,-561,-9.37512381761694,NA,48,NA,66.087,165,46,27.16821,46.1,0.936374816894531,13.4329996109009
"Yemen, Rep.","YEM",2017,0.03,0.206131,79.1999969482422,3.89,-269.85,-5.07179563883867,NA,48,NA,66.086,164,45.9,27.834811,46.6,NA,13.2969999313354
"Zambia","ZMB",2014,4.49,307.249518,27.8999996185303,5.026,1507.8,4.69799236252986,3.53943639012079,406,7.80687553566328,60.831,242,46,15.399793,NA,1.04331993103027,9.36200046539307
"Zambia","ZMB",2015,4.47,161.97049,31.1000003814697,4.918,1582.66666666667,2.92037511217961,3.43040028706898,391,10.1105928909618,61.737,232,46.9,15.87937,NA,1.01460479736328,10.125
"Zambia","ZMB",2016,4.32,219.927869,35.4254531860352,4.814,662.813935420472,3.77667914626731,3.40467399013052,376,17.8697300795268,62.464,222,45.6,16.363449,NA,0.986069793701172,10.8719997406006
"Zambia","ZMB",2017,4.31,305.847276,40.2999992370605,4.718,1107.51980484533,3.50433609558682,3.48502178024575,361,6.57731154205652,63.043,213,44.3,16.853608,NA,0.987155227661133,11.6300001144409
"Zimbabwe","ZWE",2014,4,175.797111,32.2999992370605,3.974,472.8,2.37692932698003,2.61245595398863,278,-0.197784810126586,58.41,494,42.9,13.58671,NA,NA,4.76999998092651
"Zimbabwe","ZWE",2015,3.61,263.38615,33.7000007629395,3.896,399.2,1.77987270340299,2.67950761483742,242,-2.43096842383406,59.534,480,42.1,13.814642,NA,1.03833992004395,4.77799987792969
"Zimbabwe","ZWE",2016,3.18,200.257465,42.5617294311523,3.804,343.01381338,0.755869250930601,2.8064690320362,233,-1.54366960054164,60.294,468,40.8,14.030338,NA,1.01309677124023,4.78800010681152
"Zimbabwe","ZWE",2017,2.74,214.137127,44.1786346435547,3.707,307.187738788,4.70949217898975,3.79564243109451,221,0.893962316050074,60.812,458,39.9,14.236599,NA,0.989331893920898,4.78499984741211
